   0.60| [0.0s] start node=v24.21.0 v8=13.6.233.17-node.53 mode=vm-periodic-reburst rss=40.1MB heapTotal=5.6MB heapUsed=3.6MB
   0.60| [1:0xffffb8050000]       35 ms: Scavenge 5.0 (6.0) -> 4.6 (7.0) MB, pooled: 0 MB, 0.59 / 0.00 ms  (average mu = 1.000, current mu = 1.000) allocation failure; 
   0.60| [1:0xffffb8050000:0]       35 ms: Young generation mutator utilization = 0.995 (mutator_speed=6628, gc_speed=1355831)
   0.60| [1:0xffffb8050000]       36 ms: Scavenge 5.0 (7.0) -> 4.8 (9.5) MB, pooled: 0 MB, 0.33 / 0.00 ms  (average mu = 1.000, current mu = 1.000) allocation failure; 
   0.60| [1:0xffffb8050000:0]       36 ms: Young generation mutator utilization = 0.995 (mutator_speed=9260, gc_speed=1868095)
   0.61| [1:0xffffb8050000]       43 ms: Scavenge 6.6 (9.5) -> 6.2 (9.7) MB, pooled: 0 MB, 3.70 / 0.00 ms  (average mu = 1.000, current mu = 1.000) allocation failure; 
   0.61| [1:0xffffb8050000:0]       43 ms: Young generation mutator utilization = 0.971 (mutator_speed=21511, gc_speed=731052)
   0.61| [1:0xffffb8050000]       44 ms: Scavenge 6.8 (9.7) -> 6.7 (15.2) MB, pooled: 0 MB, 0.70 / 0.00 ms  (average mu = 1.000, current mu = 1.000) allocation failure; 
   0.61| [1:0xffffb8050000:0]       44 ms: Young generation mutator utilization = 0.974 (mutator_speed=26175, gc_speed=993594)
   0.61| [1:0xffffb8050000]       45 ms: Scavenge 10.2 (15.2) -> 9.4 (15.7) MB, pooled: 0 MB, 0.79 / 0.00 ms  (average mu = 1.000, current mu = 1.000) allocation failure; 
   0.61| [1:0xffffb8050000:0]       45 ms: Young generation mutator utilization = 0.965 (mutator_speed=51216, gc_speed=1410832)
   0.61| [1:0xffffb8050000]       47 ms: Scavenge 10.7 (15.7) -> 10.4 (26.2) MB, pooled: 0 MB, 1.27 / 0.00 ms  (average mu = 1.000, current mu = 1.000) allocation failure; 
   0.61| [1:0xffffb8050000:0]       47 ms: Young generation mutator utilization = 0.965 (mutator_speed=60380, gc_speed=1689651)
   0.61| [1:0xffffb8050000]       51 ms: Scavenge 17.5 (26.4) -> 15.9 (27.4) MB, pooled: 0 MB, 1.78 / 0.00 ms  (average mu = 1.000, current mu = 1.000) allocation failure; 
   0.61| [1:0xffffb8050000:0]       51 ms: Young generation mutator utilization = 0.950 (mutator_speed=109866, gc_speed=2101653)
   0.62| [1:0xffffb8050000]       54 ms: Scavenge 18.6 (27.5) -> 18.0 (49.0) MB, pooled: 0 MB, 2.30 / 0.00 ms  (average mu = 1.000, current mu = 1.000) allocation failure; 
   0.62| [1:0xffffb8050000:0]       54 ms: Young generation mutator utilization = 0.949 (mutator_speed=128076, gc_speed=2366788)
   0.62| [1:0xffffb8050000]       61 ms: Scavenge 32.3 (49.3) -> 29.0 (51.3) MB, pooled: 0 MB, 3.92 / 0.00 ms  (average mu = 1.000, current mu = 1.000) allocation failure; 
   0.62| [1:0xffffb8050000:0]       61 ms: Young generation mutator utilization = 0.922 (mutator_speed=225128, gc_speed=2650303)
   0.63| [1:0xffffb8050000]       69 ms: Scavenge 35.4 (52.1) -> 33.7 (95.1) MB, pooled: 0 MB, 4.65 / 0.00 ms  (average mu = 1.000, current mu = 1.000) allocation failure; 
   0.63| [1:0xffffb8050000:0]       69 ms: Young generation mutator utilization = 0.915 (mutator_speed=258466, gc_speed=2780842)
   0.65| [1:0xffffb8050000]       90 ms: Scavenge 75.9 (108.8) -> 66.2 (112.8) MB, pooled: 0 MB, 8.25 / 0.00 ms  (average mu = 1.000, current mu = 1.000) allocation failure; 
   0.65| [1:0xffffb8050000:0]       90 ms: Young generation mutator utilization = 0.868 (mutator_speed=433236, gc_speed=2861321)
   0.70| [1:0xffffb8050000]      129 ms: Mark-Compact 84.5 (118.1) -> 80.5 (211.6) MB, pooled: 0 MB, 28.41 / 0.00 ms  (+ 1.0 ms in 135 steps since start of marking, biggest step 0.1 ms, walltime since start of marking 36 ms) (average mu = 0.759, current mu = 0.759) allocation failure; GC in old space requested
   0.74| [1:0xffffb8050000]      173 ms: Scavenge 175.3 (241.7) -> 156.4 (241.7) MB, pooled: 0 MB, 15.94 / 0.00 ms  (average mu = 0.759, current mu = 0.759) allocation failure; 
   0.74| [1:0xffffb8050000:0]      173 ms: Young generation mutator utilization = 0.780 (mutator_speed=827857, gc_speed=2941790)
   0.76| [1:0xffffb8050000]      193 ms: Scavenge 184.5 (250.9) -> 178.7 (295.4) MB, pooled: 0 MB, 12.36 / 0.00 ms  (average mu = 0.759, current mu = 0.759) allocation failure; 
   0.76| [1:0xffffb8050000:0]      193 ms: Young generation mutator utilization = 0.797 (mutator_speed=917797, gc_speed=3604284)
   0.78| [1:0xffffb8050000]      217 ms: Scavenge 254.0 (319.5) -> 238.9 (333.2) MB, pooled: 0 MB, 8.90 / 0.00 ms  (average mu = 0.759, current mu = 0.759) allocation failure; 
   0.78| [1:0xffffb8050000:0]      217 ms: Young generation mutator utilization = 0.771 (mutator_speed=1176523, gc_speed=3958647)
   0.80| [1:0xffffb8050000]      237 ms: Scavenge 281.1 (346.5) -> 272.5 (382.5) MB, pooled: 0 MB, 11.84 / 0.00 ms  (average mu = 0.759, current mu = 0.759) allocation failure; 
   0.80| [1:0xffffb8050000:0]      237 ms: Young generation mutator utilization = 0.759 (mutator_speed=1308650, gc_speed=4124411)
   0.84| [1:0xffffb8050000]      277 ms: Scavenge 337.9 (403.3) -> 324.7 (423.5) MB, pooled: 0 MB, 26.50 / 0.00 ms  (average mu = 0.759, current mu = 0.759) allocation failure; 
   0.84| [1:0xffffb8050000:0]      277 ms: Young generation mutator utilization = 0.704 (mutator_speed=1502328, gc_speed=3571021)
   0.86| [1:0xffffb8050000]      296 ms: Scavenge 373.9 (439.4) -> 364.1 (471.1) MB, pooled: 0 MB, 9.19 / 0.00 ms  (average mu = 0.759, current mu = 0.759) allocation failure; 
   0.86| [1:0xffffb8050000:0]      296 ms: Young generation mutator utilization = 0.700 (mutator_speed=1635232, gc_speed=3808246)
   1.10| [1:0xffffb8050000]      537 ms: Mark-Compact 578.9 (644.3) -> 474.3 (622.8) MB, pooled: 20 MB, 99.22 / 0.00 ms  (+ 45.5 ms in 2513 steps since start of marking, biggest step 24.7 ms, walltime since start of marking 240 ms) (average mu = 0.675, current mu = 0.650) allocation failure; Incremental marking forced finalization
   1.17| [1:0xffffb8050000]      604 ms: Scavenge 569.1 (653.2) -> 550.1 (653.2) MB, pooled: 0 MB, 5.04 / 0.00 ms  (average mu = 0.675, current mu = 0.650) allocation failure; 
   1.17| [1:0xffffb8050000:0]      604 ms: Young generation mutator utilization = 0.772 (mutator_speed=1210515, gc_speed=4094757)
   1.19| [1:0xffffb8050000]      625 ms: Scavenge 578.3 (662.6) -> 572.5 (696.1) MB, pooled: 0 MB, 14.99 / 0.00 ms  (average mu = 0.675, current mu = 0.650) allocation failure; 
   1.19| [1:0xffffb8050000:0]      625 ms: Young generation mutator utilization = 0.760 (mutator_speed=1300055, gc_speed=4117115)
   1.25| [1:0xffffb8050000]      685 ms: Scavenge 647.2 (719.5) -> 634.3 (733.3) MB, pooled: 0 MB, 46.11 / 0.00 ms  (average mu = 0.675, current mu = 0.650) allocation failure; 
   1.25| [1:0xffffb8050000:0]      685 ms: Young generation mutator utilization = 0.683 (mutator_speed=1526344, gc_speed=3295658)
   1.27| [1:0xffffb8050000]      705 ms: Scavenge 672.8 (745.1) -> 666.1 (783.3) MB, pooled: 0 MB, 10.76 / 0.00 ms  (average mu = 0.675, current mu = 0.650) allocation failure; 
   1.27| [1:0xffffb8050000:0]      705 ms: Young generation mutator utilization = 0.682 (mutator_speed=1621115, gc_speed=3470352)
   1.29| [1:0xffffb8050000]      727 ms: Scavenge 731.5 (803.8) -> 720.1 (823.6) MB, pooled: 0 MB, 9.46 / 0.00 ms  (average mu = 0.675, current mu = 0.650) allocation failure; 
   1.29| [1:0xffffb8050000:0]      727 ms: Young generation mutator utilization = 0.671 (mutator_speed=1793495, gc_speed=3662862)
   1.31| [1:0xffffb8050000]      746 ms: Scavenge 764.3 (837.3) -> 756.6 (871.3) MB, pooled: 0 MB, 10.09 / 0.00 ms  (average mu = 0.675, current mu = 0.650) task; 
   1.31| [1:0xffffb8050000:0]      746 ms: Young generation mutator utilization = 0.661 (mutator_speed=1897098, gc_speed=3700997)
   1.35| [1:0xffffb8050000]      789 ms: Scavenge 817.8 (890.1) -> 807.2 (913.1) MB, pooled: 0 MB, 8.70 / 0.00 ms  (average mu = 0.675, current mu = 0.650) allocation failure; 
   1.35| [1:0xffffb8050000:0]      789 ms: Young generation mutator utilization = 0.679 (mutator_speed=1766690, gc_speed=3734798)
   1.37| [1:0xffffb8050000]      809 ms: Scavenge 851.3 (926.6) -> 843.7 (958.4) MB, pooled: 0 MB, 11.51 / 0.00 ms  (average mu = 0.675, current mu = 0.650) task; 
   1.37| [1:0xffffb8050000:0]      809 ms: Young generation mutator utilization = 0.665 (mutator_speed=1881140, gc_speed=3728844)
   1.39| [1:0xffffb8050000]      830 ms: Scavenge 904.9 (977.1) -> 894.2 (1000.1) MB, pooled: 0 MB, 9.28 / 0.00 ms  (average mu = 0.675, current mu = 0.650) allocation failure; 
   1.39| [1:0xffffb8050000:0]      830 ms: Young generation mutator utilization = 0.676 (mutator_speed=2021438, gc_speed=4223409)
   1.44| [1:0xffffb8050000]      878 ms: Scavenge 942.8 (1015.3) -> 934.4 (1046.3) MB, pooled: 0 MB, 38.12 / 0.00 ms  (average mu = 0.675, current mu = 0.650) allocation failure; 
   1.44| [1:0xffffb8050000:0]      878 ms: Young generation mutator utilization = 0.621 (mutator_speed=2124710, gc_speed=3486613)
   1.46| [1:0xffffb8050000]      899 ms: Scavenge 992.2 (1064.6) -> 982.2 (1089.6) MB, pooled: 0 MB, 9.10 / 0.00 ms  (average mu = 0.675, current mu = 0.650) allocation failure; 
   1.46| [1:0xffffb8050000:0]      899 ms: Young generation mutator utilization = 0.608 (mutator_speed=2229369, gc_speed=3454754)
   1.48| [1:0xffffb8050000]      918 ms: Scavenge 1033.1 (1105.6) -> 1024.3 (1135.3) MB, pooled: 0 MB, 9.83 / 0.00 ms  (average mu = 0.675, current mu = 0.650) allocation failure; 
   1.48| [1:0xffffb8050000:0]      919 ms: Young generation mutator utilization = 0.604 (mutator_speed=2323513, gc_speed=3546519)
   1.50| [1:0xffffb8050000]      938 ms: Scavenge 1080.4 (1152.7) -> 1070.7 (1179.2) MB, pooled: 0 MB, 8.79 / 0.00 ms  (average mu = 0.675, current mu = 0.650) allocation failure; 
   1.50| [1:0xffffb8050000:0]      938 ms: Young generation mutator utilization = 0.656 (mutator_speed=2422650, gc_speed=4623948)
   1.54| [1:0xffffb8050000]      978 ms: Scavenge 1123.0 (1195.5) -> 1113.9 (1224.0) MB, pooled: 0 MB, 29.97 / 0.00 ms  (average mu = 0.675, current mu = 0.650) allocation failure; 
   1.54| [1:0xffffb8050000:0]      978 ms: Young generation mutator utilization = 0.614 (mutator_speed=2506747, gc_speed=3995572)
   1.56| [1:0xffffb8050000]      998 ms: Scavenge 1159.6 (1238.3) -> 1151.7 (1265.3) MB, pooled: 0 MB, 9.69 / 0.00 ms  (average mu = 0.675, current mu = 0.650) task; 
   1.56| [1:0xffffb8050000:0]      998 ms: Young generation mutator utilization = 0.608 (mutator_speed=2557018, gc_speed=3964631)
   1.58| [1:0xffffb8050000]     1019 ms: Scavenge 1211.7 (1284.1) -> 1201.3 (1308.1) MB, pooled: 0 MB, 9.22 / 0.00 ms  (average mu = 0.675, current mu = 0.650) allocation failure; 
   1.58| [1:0xffffb8050000:0]     1019 ms: Young generation mutator utilization = 0.601 (mutator_speed=2635821, gc_speed=3977441)
   1.60| [1:0xffffb8050000]     1041 ms: Scavenge 1250.8 (1323.2) -> 1242.2 (1354.2) MB, pooled: 0 MB, 11.12 / 0.00 ms  (average mu = 0.675, current mu = 0.650) allocation failure; 
   1.60| [1:0xffffb8050000:0]     1041 ms: Young generation mutator utilization = 0.594 (mutator_speed=2682228, gc_speed=3924388)
   1.84| [1:0xffffb8050000]     1280 ms: Mark-Compact 1284.4 (1367.0) -> 330.4 (511.7) MB, pooled: 832 MB, 48.56 / 0.00 ms  (+ 176.6 ms in 71 steps since start of marking, biggest step 39.3 ms, walltime since start of marking 231 ms) (average mu = 0.691, current mu = 0.697) finalize incremental marking via stack guard; GC in old space requested
   1.87| [1:0xffffb8050000]     1306 ms: Scavenge (interleaved) 424.4 (515.3) -> 408.2 (515.3) MB, pooled: 831 MB, 10.04 / 0.00 ms  (average mu = 0.691, current mu = 0.697) allocation failure; 
   1.87| [1:0xffffb8050000:0]     1306 ms: Young generation mutator utilization = 0.768 (mutator_speed=1187381, gc_speed=3931538)
   1.88| [1:0xffffb8050000]     1320 ms: Scavenge 432.0 (515.8) -> 427.9 (547.3) MB, pooled: 799 MB, 8.96 / 0.00 ms  (average mu = 0.691, current mu = 0.697) allocation failure; 
   1.88| [1:0xffffb8050000:0]     1321 ms: Young generation mutator utilization = 0.760 (mutator_speed=1256252, gc_speed=3982062)
   1.94| [1:0xffffb8050000]     1376 ms: Scavenge 504.2 (571.5) -> 490.9 (584.0) MB, pooled: 764 MB, 42.92 / 0.00 ms  (average mu = 0.691, current mu = 0.697) allocation failure; 
   1.94| [1:0xffffb8050000:0]     1376 ms: Young generation mutator utilization = 0.716 (mutator_speed=1514581, gc_speed=3823808)
   1.95| [1:0xffffb8050000]     1387 ms: Scavenge 510.0 (589.5) -> 506.7 (628.5) MB, pooled: 720 MB, 6.30 / 0.00 ms  (average mu = 0.691, current mu = 0.697) task; 
   1.95| [1:0xffffb8050000:0]     1387 ms: Young generation mutator utilization = 0.712 (mutator_speed=1558465, gc_speed=3851419)
   1.97| [1:0xffffb8050000]     1405 ms: Scavenge 586.6 (653.8) -> 572.7 (664.1) MB, pooled: 686 MB, 5.09 / 0.00 ms  (average mu = 0.691, current mu = 0.697) allocation failure; 
   1.97| [1:0xffffb8050000:0]     1405 ms: Young generation mutator utilization = 0.687 (mutator_speed=1796608, gc_speed=3947300)
   1.98| [1:0xffffb8050000]     1418 ms: Scavenge 607.4 (674.6) -> 601.4 (715.1) MB, pooled: 636 MB, 7.05 / 0.00 ms  (average mu = 0.691, current mu = 0.697) allocation failure; 
   1.98| [1:0xffffb8050000:0]     1418 ms: Young generation mutator utilization = 0.680 (mutator_speed=1895719, gc_speed=4021774)
   2.00| [1:0xffffb8050000]     1434 ms: Scavenge 669.6 (736.9) -> 657.8 (754.9) MB, pooled: 597 MB, 5.27 / 0.00 ms  (average mu = 0.691, current mu = 0.697) allocation failure; 
   2.00| [1:0xffffb8050000:0]     1434 ms: Young generation mutator utilization = 0.700 (mutator_speed=2081234, gc_speed=4857256)
   2.01| [1:0xffffb8050000]     1448 ms: Scavenge 700.9 (768.1) -> 693.4 (803.1) MB, pooled: 550 MB, 6.42 / 0.00 ms  (average mu = 0.691, current mu = 0.697) allocation failure; 
   2.01| [1:0xffffb8050000:0]     1448 ms: Young generation mutator utilization = 0.698 (mutator_speed=2188206, gc_speed=5061932)
   2.04| [1:0xffffb8050000]     1477 ms: Scavenge 755.4 (822.6) -> 744.7 (844.9) MB, pooled: 509 MB, 19.77 / 0.00 ms  (average mu = 0.691, current mu = 0.697) allocation failure; 
   2.04| [1:0xffffb8050000:0]     1477 ms: Young generation mutator utilization = 0.663 (mutator_speed=2347031, gc_speed=4624499)
   2.05| [1:0xffffb8050000]     1491 ms: Scavenge 792.6 (859.8) -> 784.3 (891.3) MB, pooled: 464 MB, 5.95 / 0.00 ms  (average mu = 0.691, current mu = 0.697) allocation failure; 
   2.05| [1:0xffffb8050000:0]     1491 ms: Young generation mutator utilization = 0.663 (mutator_speed=2454995, gc_speed=4829276)
   2.07| [1:0xffffb8050000]     1505 ms: Scavenge 842.6 (909.9) -> 832.5 (934.4) MB, pooled: 422 MB, 5.41 / 0.00 ms  (average mu = 0.691, current mu = 0.697) allocation failure; 
   2.07| [1:0xffffb8050000:0]     1505 ms: Young generation mutator utilization = 0.662 (mutator_speed=2592368, gc_speed=5076004)
   2.08| [1:0xffffb8050000]     1517 ms: Scavenge 883.0 (950.4) -> 874.2 (980.4) MB, pooled: 376 MB, 5.19 / 0.00 ms  (average mu = 0.691, current mu = 0.697) allocation failure; 
   2.08| [1:0xffffb8050000:0]     1517 ms: Young generation mutator utilization = 0.657 (mutator_speed=2715886, gc_speed=5210616)
   2.09| [1:0xffffb8050000]     1530 ms: Scavenge 930.6 (998.0) -> 920.9 (1024.0) MB, pooled: 334 MB, 5.14 / 0.00 ms  (average mu = 0.691, current mu = 0.697) allocation failure; 
   2.09| [1:0xffffb8050000:0]     1530 ms: Young generation mutator utilization = 0.738 (mutator_speed=2837868, gc_speed=8006476)
   2.11| [1:0xffffb8050000]     1543 ms: Scavenge 973.0 (1040.3) -> 963.9 (1069.3) MB, pooled: 290 MB, 5.44 / 0.00 ms  (average mu = 0.691, current mu = 0.697) allocation failure; 
   2.11| [1:0xffffb8050000:0]     1543 ms: Young generation mutator utilization = 0.736 (mutator_speed=2950803, gc_speed=8213451)
   2.14| [1:0xffffb8050000]     1579 ms: Scavenge 1019.3 (1086.6) -> 1009.7 (1113.4) MB, pooled: 247 MB, 29.27 / 0.00 ms  (average mu = 0.691, current mu = 0.697) allocation failure; 
   2.14| [1:0xffffb8050000:0]     1579 ms: Young generation mutator utilization = 0.667 (mutator_speed=3070437, gc_speed=6163223)
   2.16| [1:0xffffb8050000]     1593 ms: Scavenge 1062.5 (1129.8) -> 1053.3 (1158.1) MB, pooled: 203 MB, 5.50 / 0.00 ms  (average mu = 0.691, current mu = 0.697) allocation failure; 
   2.16| [1:0xffffb8050000:0]     1593 ms: Young generation mutator utilization = 0.664 (mutator_speed=3152795, gc_speed=6231848)
   2.17| [1:0xffffb8050000]     1607 ms: Scavenge 1108.0 (1175.4) -> 1098.5 (1202.7) MB, pooled: 160 MB, 5.91 / 0.00 ms  (average mu = 0.691, current mu = 0.697) allocation failure; 
   2.17| [1:0xffffb8050000:0]     1607 ms: Young generation mutator utilization = 0.657 (mutator_speed=3250724, gc_speed=6214351)
   2.18| [1:0xffffb8050000]     1619 ms: Scavenge 1151.8 (1219.1) -> 1142.6 (1247.1) MB, pooled: 116 MB, 5.25 / 0.00 ms  (average mu = 0.691, current mu = 0.697) allocation failure; 
   2.18| [1:0xffffb8050000:0]     1619 ms: Young generation mutator utilization = 0.652 (mutator_speed=3344860, gc_speed=6274323)
   2.19| [1:0xffffb8050000]     1631 ms: Scavenge 1196.9 (1264.2) -> 1187.5 (1291.7) MB, pooled: 72 MB, 5.24 / 0.00 ms  (average mu = 0.691, current mu = 0.697) allocation failure; 
   2.19| [1:0xffffb8050000:0]     1631 ms: Young generation mutator utilization = 0.683 (mutator_speed=3452978, gc_speed=7453184)
   2.21| [1:0xffffb8050000]     1644 ms: Scavenge 1241.1 (1308.6) -> 1231.8 (1336.6) MB, pooled: 29 MB, 5.54 / 0.00 ms  (average mu = 0.691, current mu = 0.697) allocation failure; 
   2.21| [1:0xffffb8050000:0]     1644 ms: Young generation mutator utilization = 0.679 (mutator_speed=3539043, gc_speed=7481538)
   2.38| [1:0xffffb8050000]     1820 ms: Mark-Compact 1263.5 (1346.7) -> 353.7 (517.3) MB, pooled: 828 MB, 8.65 / 0.00 ms  (+ 106.7 ms in 387 steps since start of marking, biggest step 5.0 ms, walltime since start of marking 176 ms) (average mu = 0.741, current mu = 0.787) finalize incremental marking via stack guard; GC in old space requested
   2.44| [1:0xffffb8050000]     1880 ms: Scavenge (interleaved) 447.6 (520.8) -> 431.4 (520.8) MB, pooled: 826 MB, 44.39 / 0.00 ms  (average mu = 0.741, current mu = 0.787) allocation failure; 
   2.44| [1:0xffffb8050000:0]     1880 ms: Young generation mutator utilization = 0.764 (mutator_speed=1524415, gc_speed=4936933)
   2.46| [1:0xffffb8050000]     1893 ms: Scavenge 455.2 (525.3) -> 451.1 (570.3) MB, pooled: 777 MB, 8.70 / 0.00 ms  (average mu = 0.741, current mu = 0.787) allocation failure; 
   2.46| [1:0xffffb8050000:0]     1893 ms: Young generation mutator utilization = 0.752 (mutator_speed=1591005, gc_speed=4829215)
   2.47| [1:0xffffb8050000]     1908 ms: Scavenge 527.5 (594.3) -> 514.2 (606.6) MB, pooled: 742 MB, 4.89 / 0.00 ms  (average mu = 0.741, current mu = 0.787) allocation failure; 
   2.47| [1:0xffffb8050000:0]     1908 ms: Young generation mutator utilization = 0.723 (mutator_speed=1844234, gc_speed=4812828)
   2.48| [1:0xffffb8050000]     1919 ms: Scavenge 551.4 (618.2) -> 545.0 (657.2) MB, pooled: 692 MB, 5.33 / 0.00 ms  (average mu = 0.741, current mu = 0.787) allocation failure; 
   2.48| [1:0xffffb8050000:0]     1919 ms: Young generation mutator utilization = 0.712 (mutator_speed=1960132, gc_speed=4835703)
   2.50| [1:0xffffb8050000]     1933 ms: Scavenge 611.2 (678.2) -> 599.8 (697.5) MB, pooled: 653 MB, 4.70 / 0.00 ms  (average mu = 0.741, current mu = 0.787) allocation failure; 
   2.50| [1:0xffffb8050000:0]     1933 ms: Young generation mutator utilization = 0.738 (mutator_speed=2156779, gc_speed=6060989)
   2.51| [1:0xffffb8050000]     1944 ms: Scavenge 644.4 (711.4) -> 636.7 (745.4) MB, pooled: 606 MB, 5.38 / 0.00 ms  (average mu = 0.741, current mu = 0.787) allocation failure; 
   2.51| [1:0xffffb8050000:0]     1944 ms: Young generation mutator utilization = 0.727 (mutator_speed=2280433, gc_speed=6084487)
   2.54| [1:0xffffb8050000]     1976 ms: Scavenge 697.5 (764.2) -> 686.9 (787.0) MB, pooled: 566 MB, 23.04 / 0.00 ms  (average mu = 0.741, current mu = 0.787) allocation failure; 
   2.54| [1:0xffffb8050000:0]     1976 ms: Young generation mutator utilization = 0.678 (mutator_speed=2439967, gc_speed=5147509)
   2.55| [1:0xffffb8050000]     1989 ms: Scavenge 735.6 (802.4) -> 727.2 (833.7) MB, pooled: 520 MB, 5.56 / 0.00 ms  (average mu = 0.741, current mu = 0.787) allocation failure; 
   2.55| [1:0xffffb8050000:0]     1989 ms: Young generation mutator utilization = 0.668 (mutator_speed=2553266, gc_speed=5140698)
   2.57| [1:0xffffb8050000]     2004 ms: Scavenge 785.1 (851.9) -> 775.0 (877.2) MB, pooled: 478 MB, 6.86 / 0.00 ms  (average mu = 0.741, current mu = 0.787) allocation failure; 
   2.57| [1:0xffffb8050000:0]     2004 ms: Young generation mutator utilization = 0.653 (mutator_speed=2685359, gc_speed=5064158)
   2.58| [1:0xffffb8050000]     2017 ms: Scavenge 826.1 (892.9) -> 817.2 (922.6) MB, pooled: 433 MB, 5.66 / 0.00 ms  (average mu = 0.741, current mu = 0.787) allocation failure; 
   2.58| [1:0xffffb8050000:0]     2018 ms: Young generation mutator utilization = 0.644 (mutator_speed=2793995, gc_speed=5061884)
   2.59| [1:0xffffb8050000]     2030 ms: Scavenge 873.2 (940.2) -> 863.6 (966.5) MB, pooled: 390 MB, 5.18 / 0.00 ms  (average mu = 0.741, current mu = 0.787) allocation failure; 
   2.59| [1:0xffffb8050000:0]     2030 ms: Young generation mutator utilization = 0.727 (mutator_speed=2922495, gc_speed=7779981)
   2.61| [1:0xffffb8050000]     2043 ms: Scavenge 915.8 (982.6) -> 906.7 (1011.6) MB, pooled: 346 MB, 5.50 / 0.00 ms  (average mu = 0.741, current mu = 0.787) allocation failure; 
   2.61| [1:0xffffb8050000:0]     2043 ms: Young generation mutator utilization = 0.727 (mutator_speed=3029386, gc_speed=8059926)
   2.62| [1:0xffffb8050000]     2055 ms: Scavenge 961.8 (1028.7) -> 952.3 (1055.5) MB, pooled: 303 MB, 5.04 / 0.00 ms  (average mu = 0.741, current mu = 0.787) allocation failure; 
   2.62| [1:0xffffb8050000:0]     2055 ms: Young generation mutator utilization = 0.720 (mutator_speed=3146358, gc_speed=8089903)
   2.65| [1:0xffffb8050000]     2083 ms: Scavenge 1005.3 (1072.3) -> 996.1 (1100.6) MB, pooled: 259 MB, 20.69 / 0.00 ms  (average mu = 0.741, current mu = 0.787) allocation failure; 
   2.65| [1:0xffffb8050000:0]     2083 ms: Young generation mutator utilization = 0.672 (mutator_speed=3242919, gc_speed=6643851)
   2.66| [1:0xffffb8050000]     2097 ms: Scavenge 1050.6 (1117.5) -> 1041.2 (1145.0) MB, pooled: 216 MB, 5.41 / 0.00 ms  (average mu = 0.741, current mu = 0.787) allocation failure; 
   2.66| [1:0xffffb8050000:0]     2097 ms: Young generation mutator utilization = 0.665 (mutator_speed=3335276, gc_speed=6610846)
   2.67| [1:0xffffb8050000]     2109 ms: Scavenge 1094.6 (1161.6) -> 1085.3 (1189.6) MB, pooled: 172 MB, 5.41 / 0.00 ms  (average mu = 0.741, current mu = 0.787) allocation failure; 
   2.67| [1:0xffffb8050000:0]     2109 ms: Young generation mutator utilization = 0.658 (mutator_speed=3427615, gc_speed=6592022)
   2.69| [1:0xffffb8050000]     2122 ms: Scavenge 1139.7 (1206.7) -> 1130.3 (1234.0) MB, pooled: 129 MB, 5.10 / 0.00 ms  (average mu = 0.741, current mu = 0.787) allocation failure; 
   2.69| [1:0xffffb8050000:0]     2122 ms: Young generation mutator utilization = 0.702 (mutator_speed=3513914, gc_speed=8288475)
   2.70| [1:0xffffb8050000]     2135 ms: Scavenge 1183.8 (1250.6) -> 1174.5 (1278.6) MB, pooled: 85 MB, 5.74 / 0.00 ms  (average mu = 0.741, current mu = 0.787) allocation failure; 
   2.70| [1:0xffffb8050000:0]     2135 ms: Young generation mutator utilization = 0.696 (mutator_speed=3605075, gc_speed=8255141)
   2.71| [1:0xffffb8050000]     2150 ms: Scavenge 1228.7 (1295.7) -> 1219.3 (1323.2) MB, pooled: 42 MB, 7.89 / 0.00 ms  (average mu = 0.741, current mu = 0.787) allocation failure; 
   2.71| [1:0xffffb8050000:0]     2150 ms: Young generation mutator utilization = 0.689 (mutator_speed=3678961, gc_speed=8143818)
   2.88| [1:0xffffb8050000]     2317 ms: Mark-Compact 1227.5 (1325.4) -> 328.4 (479.7) MB, pooled: 864 MB, 7.49 / 0.00 ms  (+ 154.1 ms in 42 steps since start of marking, biggest step 36.3 ms, walltime since start of marking 165 ms) (average mu = 0.709, current mu = 0.675) finalize incremental marking via stack guard; GC in old space requested
   2.95| [1:0xffffb8050000]     2384 ms: Scavenge 422.3 (488.4) -> 406.2 (488.4) MB, pooled: 858 MB, 5.16 / 0.00 ms  (average mu = 0.709, current mu = 0.675) allocation failure; 
   2.95| [1:0xffffb8050000:0]     2384 ms: Young generation mutator utilization = 0.872 (mutator_speed=1188033, gc_speed=8103370)
   2.96| [1:0xffffb8050000]     2396 ms: Scavenge 429.9 (496.1) -> 425.8 (543.6) MB, pooled: 803 MB, 8.53 / 0.00 ms  (average mu = 0.709, current mu = 0.675) allocation failure; 
   2.96| [1:0xffffb8050000:0]     2396 ms: Young generation mutator utilization = 0.860 (mutator_speed=1274534, gc_speed=7808384)
   2.98| [1:0xffffb8050000]     2413 ms: Scavenge 502.2 (567.7) -> 489.0 (580.0) MB, pooled: 768 MB, 4.81 / 0.00 ms  (average mu = 0.709, current mu = 0.675) allocation failure; 
   2.98| [1:0xffffb8050000:0]     2413 ms: Young generation mutator utilization = 0.836 (mutator_speed=1534400, gc_speed=7831880)
   2.99| [1:0xffffb8050000]     2423 ms: Scavenge 526.1 (591.6) -> 519.7 (630.8) MB, pooled: 718 MB, 5.38 / 0.00 ms  (average mu = 0.709, current mu = 0.675) allocation failure; 
   2.99| [1:0xffffb8050000:0]     2423 ms: Young generation mutator utilization = 0.825 (mutator_speed=1662746, gc_speed=7834174)
   3.00| [1:0xffffb8050000]     2437 ms: Scavenge 586.1 (651.5) -> 574.6 (671.0) MB, pooled: 679 MB, 4.91 / 0.00 ms  (average mu = 0.709, current mu = 0.675) allocation failure; 
   3.00| [1:0xffffb8050000:0]     2438 ms: Young generation mutator utilization = 0.841 (mutator_speed=1878741, gc_speed=9917416)
   3.01| [1:0xffffb8050000]     2448 ms: Scavenge 619.2 (684.5) -> 611.4 (718.5) MB, pooled: 632 MB, 5.17 / 0.00 ms  (average mu = 0.709, current mu = 0.675) allocation failure; 
   3.01| [1:0xffffb8050000:0]     2448 ms: Young generation mutator utilization = 0.832 (mutator_speed=2020643, gc_speed=9986962)
   3.05| [1:0xffffb8050000]     2484 ms: Scavenge 672.3 (737.8) -> 661.8 (760.5) MB, pooled: 592 MB, 5.11 / 0.00 ms  (average mu = 0.709, current mu = 0.675) allocation failure; 
   3.05| [1:0xffffb8050000:0]     2484 ms: Young generation mutator utilization = 0.840 (mutator_speed=1912222, gc_speed=10018308)
   3.06| [1:0xffffb8050000]     2493 ms: Scavenge 701.0 (772.9) -> 694.2 (804.1) MB, pooled: 548 MB, 4.69 / 0.00 ms  (average mu = 0.709, current mu = 0.675) task; 
   3.06| [1:0xffffb8050000:0]     2494 ms: Young generation mutator utilization = 0.831 (mutator_speed=2035677, gc_speed=10011312)
   3.07| [1:0xffffb8050000]     2508 ms: Scavenge 759.0 (824.4) -> 747.7 (844.6) MB, pooled: 509 MB, 6.08 / 0.00 ms  (average mu = 0.709, current mu = 0.675) allocation failure; 
   3.07| [1:0xffffb8050000:0]     2508 ms: Young generation mutator utilization = 0.816 (mutator_speed=2231158, gc_speed=9922659)
   3.08| [1:0xffffb8050000]     2519 ms: Scavenge 793.6 (859.1) -> 785.7 (892.3) MB, pooled: 462 MB, 5.23 / 0.00 ms  (average mu = 0.709, current mu = 0.675) allocation failure; 
   3.08| [1:0xffffb8050000:0]     2519 ms: Young generation mutator utilization = 0.816 (mutator_speed=2357571, gc_speed=10427020)
   3.10| [1:0xffffb8050000]     2533 ms: Scavenge 845.7 (911.1) -> 835.3 (934.6) MB, pooled: 422 MB, 4.98 / 0.00 ms  (average mu = 0.709, current mu = 0.675) allocation failure; 
   3.10| [1:0xffffb8050000:0]     2533 ms: Young generation mutator utilization = 0.808 (mutator_speed=2511603, gc_speed=10562763)
   3.11| [1:0xffffb8050000]     2546 ms: Scavenge 884.7 (950.3) -> 876.1 (981.3) MB, pooled: 376 MB, 6.26 / 0.00 ms  (average mu = 0.709, current mu = 0.675) allocation failure; 
   3.11| [1:0xffffb8050000:0]     2546 ms: Young generation mutator utilization = 0.806 (mutator_speed=2638569, gc_speed=10940244)
   3.14| [1:0xffffb8050000]     2579 ms: Scavenge 933.3 (998.9) -> 923.4 (1024.4) MB, pooled: 334 MB, 25.23 / 0.00 ms  (average mu = 0.709, current mu = 0.675) allocation failure; 
   3.14| [1:0xffffb8050000:0]     2579 ms: Young generation mutator utilization = 0.740 (mutator_speed=2776946, gc_speed=7922478)
   3.16| [1:0xffffb8050000]     2595 ms: Scavenge 974.8 (1040.3) -> 965.9 (1069.8) MB, pooled: 289 MB, 7.93 / 0.00 ms  (average mu = 0.709, current mu = 0.675) allocation failure; 
   3.16| [1:0xffffb8050000:0]     2595 ms: Young generation mutator utilization = 0.726 (mutator_speed=2873096, gc_speed=7625235)
   3.17| [1:0xffffb8050000]     2610 ms: Scavenge 1021.6 (1087.1) -> 1012.0 (1113.4) MB, pooled: 247 MB, 7.07 / 0.00 ms  (average mu = 0.709, current mu = 0.675) allocation failure; 
   3.17| [1:0xffffb8050000:0]     2610 ms: Young generation mutator utilization = 0.714 (mutator_speed=2976227, gc_speed=7433591)
   3.19| [1:0xffffb8050000]     2624 ms: Scavenge 1064.4 (1130.1) -> 1055.3 (1158.3) MB, pooled: 203 MB, 6.54 / 0.00 ms  (average mu = 0.709, current mu = 0.675) allocation failure; 
   3.19| [1:0xffffb8050000:0]     2624 ms: Young generation mutator utilization = 0.703 (mutator_speed=3077824, gc_speed=7288420)
   3.20| [1:0xffffb8050000]     2639 ms: Scavenge 1110.3 (1175.9) -> 1100.7 (1202.7) MB, pooled: 160 MB, 6.93 / 0.00 ms  (average mu = 0.709, current mu = 0.675) allocation failure; 
   3.20| [1:0xffffb8050000:0]     2639 ms: Young generation mutator utilization = 0.691 (mutator_speed=3184870, gc_speed=7135582)
   3.22| [1:0xffffb8050000]     2653 ms: Scavenge 1151.6 (1218.6) -> 1142.8 (1246.9) MB, pooled: 116 MB, 6.67 / 0.00 ms  (average mu = 0.709, current mu = 0.675) task; 
   3.22| [1:0xffffb8050000:0]     2653 ms: Young generation mutator utilization = 0.682 (mutator_speed=3273824, gc_speed=7006094)
   3.23| [1:0xffffb8050000]     2672 ms: Scavenge 1198.9 (1264.5) -> 1189.2 (1291.0) MB, pooled: 73 MB, 10.93 / 0.00 ms  (average mu = 0.709, current mu = 0.675) allocation failure; 
   3.23| [1:0xffffb8050000:0]     2672 ms: Young generation mutator utilization = 0.664 (mutator_speed=3363150, gc_speed=6635355)
   3.25| [1:0xffffb8050000]     2686 ms: Scavenge 1241.6 (1307.1) -> 1232.6 (1336.3) MB, pooled: 29 MB, 6.12 / 0.00 ms  (average mu = 0.709, current mu = 0.675) allocation failure; 
   3.25| [1:0xffffb8050000:0]     2686 ms: Young generation mutator utilization = 0.656 (mutator_speed=3432874, gc_speed=6556921)
   3.44| [1:0xffffb8050000]     2878 ms: Mark-Compact 1232.6 (1336.3) -> 327.4 (494.0) MB, pooled: 850 MB, 190.91 / 0.00 ms  (+ 0.1 ms in 1 steps since start of marking, biggest step 0.1 ms, walltime since start of marking 192 ms) (average mu = 0.683, current mu = 0.660) finalize incremental marking via stack guard; GC in old space requested
   3.46| [1:0xffffb8050000]     2899 ms: Scavenge (interleaved) 421.4 (496.7) -> 405.2 (496.7) MB, pooled: 849 MB, 5.31 / 0.00 ms  (average mu = 0.683, current mu = 0.660) allocation failure; 
   3.46| [1:0xffffb8050000:0]     2899 ms: Young generation mutator utilization = 0.649 (mutator_speed=3501525, gc_speed=6470518)
   3.47| [1:0xffffb8050000]     2908 ms: Scavenge 429.0 (497.1) -> 424.9 (542.6) MB, pooled: 804 MB, 6.23 / 0.00 ms  (average mu = 0.683, current mu = 0.660) allocation failure; 
   3.47| [1:0xffffb8050000:0]     2909 ms: Young generation mutator utilization = 0.649 (mutator_speed=3532452, gc_speed=6519045)
   3.49| [1:0xffffb8050000]     2923 ms: Scavenge 501.3 (567.0) -> 488.1 (579.2) MB, pooled: 769 MB, 4.56 / 0.00 ms  (average mu = 0.683, current mu = 0.660) allocation failure; 
   3.49| [1:0xffffb8050000:0]     2923 ms: Young generation mutator utilization = 0.698 (mutator_speed=3651447, gc_speed=8447730)
   3.54| [1:0xffffb8050000]     2979 ms: Scavenge 525.2 (590.8) -> 518.7 (629.8) MB, pooled: 719 MB, 50.07 / 0.00 ms  (average mu = 0.683, current mu = 0.660) allocation failure; 
   3.54| [1:0xffffb8050000:0]     2979 ms: Young generation mutator utilization = 0.586 (mutator_speed=3705315, gc_speed=5244495)
   3.56| [1:0xffffb8050000]     2994 ms: Scavenge 585.2 (650.7) -> 573.6 (669.7) MB, pooled: 680 MB, 5.56 / 0.00 ms  (average mu = 0.683, current mu = 0.660) allocation failure; 
   3.56| [1:0xffffb8050000:0]     2994 ms: Young generation mutator utilization = 0.584 (mutator_speed=3773045, gc_speed=5302651)
   3.57| [1:0xffffb8050000]     3007 ms: Scavenge 618.2 (683.8) -> 610.5 (718.3) MB, pooled: 632 MB, 5.86 / 0.00 ms  (average mu = 0.683, current mu = 0.660) allocation failure; 
   3.57| [1:0xffffb8050000:0]     3007 ms: Young generation mutator utilization = 0.583 (mutator_speed=3817537, gc_speed=5347916)
   3.58| [1:0xffffb8050000]     3020 ms: Scavenge 671.3 (737.0) -> 660.8 (760.3) MB, pooled: 592 MB, 4.85 / 0.00 ms  (average mu = 0.683, current mu = 0.660) allocation failure; 
   3.58| [1:0xffffb8050000:0]     3020 ms: Young generation mutator utilization = 0.583 (mutator_speed=3896863, gc_speed=5444094)
   3.60| [1:0xffffb8050000]     3032 ms: Scavenge 709.6 (775.2) -> 701.1 (806.5) MB, pooled: 546 MB, 5.22 / 0.00 ms  (average mu = 0.683, current mu = 0.660) allocation failure; 
   3.60| [1:0xffffb8050000:0]     3032 ms: Young generation mutator utilization = 0.584 (mutator_speed=3948341, gc_speed=5538194)
   3.61| [1:0xffffb8050000]     3045 ms: Scavenge 758.8 (824.6) -> 748.8 (849.6) MB, pooled: 504 MB, 5.05 / 0.00 ms  (average mu = 0.683, current mu = 0.660) allocation failure; 
   3.61| [1:0xffffb8050000:0]     3045 ms: Young generation mutator utilization = 0.594 (mutator_speed=4015898, gc_speed=5864467)
   3.62| [1:0xffffb8050000]     3057 ms: Scavenge 799.9 (865.5) -> 791.1 (895.2) MB, pooled: 460 MB, 5.15 / 0.00 ms  (average mu = 0.683, current mu = 0.660) allocation failure; 
   3.62| [1:0xffffb8050000:0]     3057 ms: Young generation mutator utilization = 0.593 (mutator_speed=4072859, gc_speed=5923512)
   3.64| [1:0xffffb8050000]     3081 ms: Scavenge 847.0 (912.8) -> 837.3 (939.3) MB, pooled: 417 MB, 16.18 / 0.00 ms  (average mu = 0.683, current mu = 0.660) allocation failure; 
   3.64| [1:0xffffb8050000:0]     3081 ms: Young generation mutator utilization = 0.566 (mutator_speed=4131348, gc_speed=5387616)
   3.66| [1:0xffffb8050000]     3093 ms: Scavenge 889.6 (955.3) -> 880.5 (984.5) MB, pooled: 372 MB, 5.21 / 0.00 ms  (average mu = 0.683, current mu = 0.660) allocation failure; 
   3.66| [1:0xffffb8050000:0]     3093 ms: Young generation mutator utilization = 0.563 (mutator_speed=4184209, gc_speed=5395147)
   3.67| [1:0xffffb8050000]     3106 ms: Scavenge 935.6 (1001.4) -> 926.1 (1028.4) MB, pooled: 330 MB, 5.19 / 0.00 ms  (average mu = 0.683, current mu = 0.660) allocation failure; 
   3.67| [1:0xffffb8050000:0]     3106 ms: Young generation mutator utilization = 0.560 (mutator_speed=4242043, gc_speed=5395290)
   3.68| [1:0xffffb8050000]     3120 ms: Scavenge 979.2 (1045.0) -> 970.0 (1073.5) MB, pooled: 286 MB, 6.43 / 0.00 ms  (average mu = 0.683, current mu = 0.660) allocation failure; 
   3.68| [1:0xffffb8050000:0]     3120 ms: Young generation mutator utilization = 0.678 (mutator_speed=4267031, gc_speed=8998086)
   3.70| [1:0xffffb8050000]     3134 ms: Scavenge 1024.6 (1090.3) -> 1015.1 (1117.8) MB, pooled: 242 MB, 5.69 / 0.00 ms  (average mu = 0.683, current mu = 0.660) allocation failure; 
   3.70| [1:0xffffb8050000:0]     3134 ms: Young generation mutator utilization = 0.678 (mutator_speed=4286336, gc_speed=9008013)
   3.71| [1:0xffffb8050000]     3148 ms: Scavenge 1068.5 (1134.2) -> 1059.2 (1162.5) MB, pooled: 199 MB, 5.46 / 0.00 ms  (average mu = 0.683, current mu = 0.660) allocation failure; 
   3.71| [1:0xffffb8050000:0]     3148 ms: Young generation mutator utilization = 0.677 (mutator_speed=4309898, gc_speed=9041921)
   3.74| [1:0xffffb8050000]     3176 ms: Scavenge 1113.5 (1179.3) -> 1104.1 (1206.8) MB, pooled: 156 MB, 20.38 / 0.00 ms  (average mu = 0.683, current mu = 0.660) allocation failure; 
   3.74| [1:0xffffb8050000:0]     3176 ms: Young generation mutator utilization = 0.627 (mutator_speed=4347224, gc_speed=7298775)
   3.76| [1:0xffffb8050000]     3192 ms: Scavenge 1157.6 (1223.5) -> 1148.4 (1251.3) MB, pooled: 112 MB, 6.34 / 0.00 ms  (average mu = 0.683, current mu = 0.660) allocation failure; 
   3.76| [1:0xffffb8050000:0]     3192 ms: Young generation mutator utilization = 0.624 (mutator_speed=4330363, gc_speed=7186591)
   3.77| [1:0xffffb8050000]     3206 ms: Scavenge 1202.5 (1268.4) -> 1193.1 (1295.9) MB, pooled: 68 MB, 6.05 / 0.00 ms  (average mu = 0.683, current mu = 0.660) allocation failure; 
   3.77| [1:0xffffb8050000:0]     3206 ms: Young generation mutator utilization = 0.620 (mutator_speed=4350317, gc_speed=7106585)
   3.78| [1:0xffffb8050000]     3220 ms: Scavenge 1246.9 (1313.0) -> 1237.7 (1341.2) MB, pooled: 24 MB, 6.25 / 0.00 ms  (average mu = 0.683, current mu = 0.660) allocation failure; 
   3.78| [1:0xffffb8050000:0]     3220 ms: Young generation mutator utilization = 0.615 (mutator_speed=4388206, gc_speed=7008964)
   3.96| [1:0xffffb8050000]     3394 ms: Mark-Compact 1249.3 (1345.1) -> 336.1 (486.1) MB, pooled: 858 MB, 8.31 / 0.00 ms  (+ 160.9 ms in 142 steps since start of marking, biggest step 35.3 ms, walltime since start of marking 174 ms) (average mu = 0.677, current mu = 0.672) finalize incremental marking via stack guard; GC in old space requested
   3.98| [1:0xffffb8050000]     3415 ms: Scavenge 430.2 (497.7) -> 414.0 (497.7) MB, pooled: 848 MB, 4.63 / 0.00 ms  (average mu = 0.677, current mu = 0.672) allocation failure; 
   3.98| [1:0xffffb8050000:0]     3415 ms: Young generation mutator utilization = 0.825 (mutator_speed=1710368, gc_speed=8055035)
   3.99| [1:0xffffb8050000]     3426 ms: Scavenge 437.8 (505.2) -> 433.6 (552.2) MB, pooled: 794 MB, 7.85 / 0.00 ms  (average mu = 0.677, current mu = 0.672) allocation failure; 
   3.99| [1:0xffffb8050000:0]     3426 ms: Young generation mutator utilization = 0.814 (mutator_speed=1788508, gc_speed=7831533)
   4.04| [1:0xffffb8050000]     3478 ms: Scavenge 510.0 (576.1) -> 496.8 (588.6) MB, pooled: 760 MB, 41.58 / 0.00 ms  (average mu = 0.677, current mu = 0.672) allocation failure; 
   4.04| [1:0xffffb8050000:0]     3478 ms: Young generation mutator utilization = 0.720 (mutator_speed=2028958, gc_speed=5224206)
   4.06| [1:0xffffb8050000]     3494 ms: Scavenge 533.9 (600.1) -> 527.5 (639.4) MB, pooled: 710 MB, 9.28 / 0.00 ms  (average mu = 0.677, current mu = 0.672) allocation failure; 
   4.06| [1:0xffffb8050000:0]     3494 ms: Young generation mutator utilization = 0.707 (mutator_speed=2121189, gc_speed=5115504)
   4.07| [1:0xffffb8050000]     3511 ms: Scavenge 593.9 (660.1) -> 582.3 (679.1) MB, pooled: 671 MB, 6.55 / 0.00 ms  (average mu = 0.677, current mu = 0.672) allocation failure; 
   4.07| [1:0xffffb8050000:0]     3511 ms: Young generation mutator utilization = 0.690 (mutator_speed=2277008, gc_speed=5059303)
   4.09| [1:0xffffb8050000]     3523 ms: Scavenge 626.9 (693.2) -> 619.2 (727.2) MB, pooled: 624 MB, 5.29 / 0.00 ms  (average mu = 0.677, current mu = 0.672) allocation failure; 
   4.09| [1:0xffffb8050000:0]     3523 ms: Young generation mutator utilization = 0.679 (mutator_speed=2397939, gc_speed=5079868)
   4.10| [1:0xffffb8050000]     3536 ms: Scavenge 680.0 (746.2) -> 669.5 (769.4) MB, pooled: 583 MB, 4.81 / 0.00 ms  (average mu = 0.677, current mu = 0.672) allocation failure; 
   4.10| [1:0xffffb8050000:0]     3536 ms: Young generation mutator utilization = 0.697 (mutator_speed=2556187, gc_speed=5871131)
   4.11| [1:0xffffb8050000]     3548 ms: Scavenge 718.3 (784.4) -> 709.8 (815.4) MB, pooled: 538 MB, 5.18 / 0.00 ms  (average mu = 0.677, current mu = 0.672) allocation failure; 
   4.11| [1:0xffffb8050000:0]     3548 ms: Young generation mutator utilization = 0.690 (mutator_speed=2676138, gc_speed=5949776)
   4.14| [1:0xffffb8050000]     3578 ms: Scavenge 767.5 (833.7) -> 757.5 (858.7) MB, pooled: 496 MB, 22.61 / 0.00 ms  (average mu = 0.677, current mu = 0.672) allocation failure; 
   4.14| [1:0xffffb8050000:0]     3578 ms: Young generation mutator utilization = 0.644 (mutator_speed=2812030, gc_speed=5080126)
   4.15| [1:0xffffb8050000]     3591 ms: Scavenge 808.5 (874.6) -> 799.7 (904.6) MB, pooled: 450 MB, 5.33 / 0.00 ms  (average mu = 0.677, current mu = 0.672) allocation failure; 
   4.15| [1:0xffffb8050000:0]     3591 ms: Young generation mutator utilization = 0.637 (mutator_speed=2919412, gc_speed=5124143)
   4.17| [1:0xffffb8050000]     3604 ms: Scavenge 855.7 (922.0) -> 845.9 (948.2) MB, pooled: 408 MB, 5.03 / 0.00 ms  (average mu = 0.677, current mu = 0.672) allocation failure; 
   4.17| [1:0xffffb8050000:0]     3604 ms: Young generation mutator utilization = 0.630 (mutator_speed=3034261, gc_speed=5158546)
   4.18| [1:0xffffb8050000]     3616 ms: Scavenge 898.3 (964.6) -> 889.3 (993.6) MB, pooled: 364 MB, 5.21 / 0.00 ms  (average mu = 0.677, current mu = 0.672) allocation failure; 
   4.18| [1:0xffffb8050000:0]     3616 ms: Young generation mutator utilization = 0.626 (mutator_speed=3132302, gc_speed=5240718)
   4.19| [1:0xffffb8050000]     3629 ms: Scavenge 944.3 (1010.7) -> 934.8 (1037.7) MB, pooled: 321 MB, 5.02 / 0.00 ms  (average mu = 0.677, current mu = 0.672) allocation failure; 
   4.19| [1:0xffffb8050000:0]     3629 ms: Young generation mutator utilization = 0.709 (mutator_speed=3234352, gc_speed=7866502)
   4.21| [1:0xffffb8050000]     3642 ms: Scavenge 987.8 (1054.1) -> 978.6 (1082.4) MB, pooled: 277 MB, 5.45 / 0.00 ms  (average mu = 0.677, current mu = 0.672) allocation failure; 
   4.21| [1:0xffffb8050000:0]     3642 ms: Young generation mutator utilization = 0.713 (mutator_speed=3326898, gc_speed=8255092)
   4.22| [1:0xffffb8050000]     3655 ms: Scavenge 1033.1 (1099.5) -> 1023.7 (1126.7) MB, pooled: 234 MB, 5.16 / 0.00 ms  (average mu = 0.677, current mu = 0.672) allocation failure; 
   4.22| [1:0xffffb8050000:0]     3655 ms: Young generation mutator utilization = 0.712 (mutator_speed=3424237, gc_speed=8450854)
   4.25| [1:0xffffb8050000]     3682 ms: Scavenge 1077.1 (1143.4) -> 1067.8 (1171.6) MB, pooled: 190 MB, 5.38 / 0.00 ms  (average mu = 0.677, current mu = 0.672) allocation failure; 
   4.25| [1:0xffffb8050000:0]     3682 ms: Young generation mutator utilization = 0.726 (mutator_speed=3176142, gc_speed=8417825)
   4.26| [1:0xffffb8050000]     3695 ms: Scavenge 1122.1 (1188.5) -> 1112.7 (1216.2) MB, pooled: 146 MB, 5.37 / 0.00 ms  (average mu = 0.677, current mu = 0.672) allocation failure; 
   4.26| [1:0xffffb8050000:0]     3695 ms: Young generation mutator utilization = 0.719 (mutator_speed=3272406, gc_speed=8365002)
   4.27| [1:0xffffb8050000]     3709 ms: Scavenge 1166.3 (1232.6) -> 1157.0 (1260.6) MB, pooled: 103 MB, 5.86 / 0.00 ms  (average mu = 0.677, current mu = 0.672) allocation failure; 
   4.27| [1:0xffffb8050000:0]     3709 ms: Young generation mutator utilization = 0.711 (mutator_speed=3368484, gc_speed=8274456)
   4.28| [1:0xffffb8050000]     3721 ms: Scavenge 1211.1 (1277.5) -> 1201.7 (1305.0) MB, pooled: 60 MB, 5.18 / 0.00 ms  (average mu = 0.677, current mu = 0.672) allocation failure; 
   4.28| [1:0xffffb8050000:0]     3721 ms: Young generation mutator utilization = 0.761 (mutator_speed=3459081, gc_speed=11006157)
   4.30| [1:0xffffb8050000]     3734 ms: Scavenge 1255.5 (1321.9) -> 1246.2 (1349.9) MB, pooled: 16 MB, 5.33 / 0.00 ms  (average mu = 0.677, current mu = 0.672) allocation failure; 
   4.30| [1:0xffffb8050000:0]     3734 ms: Young generation mutator utilization = 0.756 (mutator_speed=3543191, gc_speed=10998861)
   4.48| [1:0xffffb8050000]     3919 ms: Mark-Compact 1268.5 (1357.1) -> 346.9 (500.7) MB, pooled: 844 MB, 7.84 / 0.00 ms  (+ 144.0 ms in 272 steps since start of marking, biggest step 41.5 ms, walltime since start of marking 185 ms) (average mu = 0.694, current mu = 0.711) finalize incremental marking via stack guard; GC in old space requested
   4.55| [1:0xffffb8050000]     3984 ms: Scavenge (interleaved) 440.8 (509.9) -> 424.6 (509.9) MB, pooled: 836 MB, 48.95 / 0.00 ms  (average mu = 0.694, current mu = 0.711) allocation failure; 
   4.55| [1:0xffffb8050000:0]     3984 ms: Young generation mutator utilization = 0.807 (mutator_speed=1426164, gc_speed=5951833)
   4.56| [1:0xffffb8050000]     3996 ms: Scavenge 448.5 (517.6) -> 444.4 (563.6) MB, pooled: 783 MB, 7.78 / 0.00 ms  (average mu = 0.694, current mu = 0.711) allocation failure; 
   4.56| [1:0xffffb8050000:0]     3996 ms: Young generation mutator utilization = 0.795 (mutator_speed=1504236, gc_speed=5843694)
   4.57| [1:0xffffb8050000]     4011 ms: Scavenge 520.7 (587.7) -> 507.6 (599.9) MB, pooled: 748 MB, 4.64 / 0.00 ms  (average mu = 0.694, current mu = 0.711) allocation failure; 
   4.57| [1:0xffffb8050000:0]     4011 ms: Young generation mutator utilization = 0.768 (mutator_speed=1764868, gc_speed=5832275)
   4.58| [1:0xffffb8050000]     4021 ms: Scavenge 544.6 (611.6) -> 538.2 (650.8) MB, pooled: 698 MB, 5.28 / 0.00 ms  (average mu = 0.694, current mu = 0.711) allocation failure; 
   4.58| [1:0xffffb8050000:0]     4021 ms: Young generation mutator utilization = 0.757 (mutator_speed=1884370, gc_speed=5867972)
   4.60| [1:0xffffb8050000]     4034 ms: Scavenge 604.7 (671.5) -> 593.2 (690.7) MB, pooled: 660 MB, 4.78 / 0.00 ms  (average mu = 0.694, current mu = 0.711) allocation failure; 
   4.60| [1:0xffffb8050000:0]     4034 ms: Young generation mutator utilization = 0.737 (mutator_speed=2095030, gc_speed=5871975)
   4.61| [1:0xffffb8050000]     4046 ms: Scavenge 637.7 (704.5) -> 629.9 (738.7) MB, pooled: 612 MB, 5.27 / 0.00 ms  (average mu = 0.694, current mu = 0.711) allocation failure; 
   4.61| [1:0xffffb8050000:0]     4046 ms: Young generation mutator utilization = 0.726 (mutator_speed=2222192, gc_speed=5893333)
   4.65| [1:0xffffb8050000]     4080 ms: Scavenge 690.9 (757.7) -> 680.3 (780.7) MB, pooled: 572 MB, 25.88 / 0.00 ms  (average mu = 0.694, current mu = 0.711) allocation failure; 
   4.65| [1:0xffffb8050000:0]     4080 ms: Young generation mutator utilization = 0.671 (mutator_speed=2391643, gc_speed=4868619)
   4.66| [1:0xffffb8050000]     4090 ms: Scavenge 720.3 (793.1) -> 713.4 (824.4) MB, pooled: 529 MB, 5.07 / 0.00 ms  (average mu = 0.694, current mu = 0.711) task; 
   4.66| [1:0xffffb8050000:0]     4090 ms: Young generation mutator utilization = 0.661 (mutator_speed=2496178, gc_speed=4866570)
   4.67| [1:0xffffb8050000]     4104 ms: Scavenge 777.5 (844.4) -> 766.4 (865.1) MB, pooled: 489 MB, 5.15 / 0.00 ms  (average mu = 0.694, current mu = 0.711) allocation failure; 
   4.67| [1:0xffffb8050000:0]     4104 ms: Young generation mutator utilization = 0.647 (mutator_speed=2652875, gc_speed=4854627)
   4.68| [1:0xffffb8050000]     4118 ms: Scavenge 812.8 (879.8) -> 804.7 (912.6) MB, pooled: 443 MB, 5.20 / 0.00 ms  (average mu = 0.694, current mu = 0.711) allocation failure; 
   4.68| [1:0xffffb8050000:0]     4118 ms: Young generation mutator utilization = 0.641 (mutator_speed=2728889, gc_speed=4869970)
   4.69| [1:0xffffb8050000]     4131 ms: Scavenge 864.2 (931.1) -> 853.9 (955.1) MB, pooled: 401 MB, 4.94 / 0.00 ms  (average mu = 0.694, current mu = 0.711) allocation failure; 
   4.69| [1:0xffffb8050000:0]     4131 ms: Young generation mutator utilization = 0.732 (mutator_speed=2871978, gc_speed=7841103)
   4.71| [1:0xffffb8050000]     4143 ms: Scavenge 903.7 (970.7) -> 895.1 (1001.5) MB, pooled: 356 MB, 5.36 / 0.00 ms  (average mu = 0.694, current mu = 0.711) allocation failure; 
   4.71| [1:0xffffb8050000:0]     4143 ms: Young generation mutator utilization = 0.730 (mutator_speed=2975852, gc_speed=8049347)
   4.74| [1:0xffffb8050000]     4176 ms: Scavenge 952.1 (1019.1) -> 942.2 (1044.8) MB, pooled: 314 MB, 25.90 / 0.00 ms  (average mu = 0.694, current mu = 0.711) allocation failure; 
   4.74| [1:0xffffb8050000:0]     4176 ms: Young generation mutator utilization = 0.668 (mutator_speed=3095996, gc_speed=6238402)
   4.76| [1:0xffffb8050000]     4190 ms: Scavenge 993.7 (1060.8) -> 984.8 (1089.8) MB, pooled: 270 MB, 6.54 / 0.00 ms  (average mu = 0.694, current mu = 0.711) allocation failure; 
   4.76| [1:0xffffb8050000:0]     4190 ms: Young generation mutator utilization = 0.658 (mutator_speed=3188135, gc_speed=6130068)
   4.77| [1:0xffffb8050000]     4206 ms: Scavenge 1040.4 (1107.4) -> 1030.8 (1133.9) MB, pooled: 227 MB, 7.53 / 0.00 ms  (average mu = 0.694, current mu = 0.711) allocation failure; 
   4.77| [1:0xffffb8050000:0]     4206 ms: Young generation mutator utilization = 0.646 (mutator_speed=3279926, gc_speed=5972650)
   4.78| [1:0xffffb8050000]     4220 ms: Scavenge 1083.3 (1150.3) -> 1074.2 (1179.1) MB, pooled: 182 MB, 6.95 / 0.00 ms  (average mu = 0.694, current mu = 0.711) allocation failure; 
   4.78| [1:0xffffb8050000:0]     4220 ms: Young generation mutator utilization = 0.635 (mutator_speed=3374486, gc_speed=5858094)
   4.80| [1:0xffffb8050000]     4237 ms: Scavenge 1129.1 (1196.1) -> 1119.6 (1223.4) MB, pooled: 139 MB, 9.03 / 0.00 ms  (average mu = 0.694, current mu = 0.711) allocation failure; 
   4.80| [1:0xffffb8050000:0]     4237 ms: Young generation mutator utilization = 0.672 (mutator_speed=3460625, gc_speed=7078254)
   4.81| [1:0xffffb8050000]     4251 ms: Scavenge 1171.9 (1239.1) -> 1162.2 (1267.3) MB, pooled: 96 MB, 6.33 / 0.00 ms  (average mu = 0.694, current mu = 0.711) task; 
   4.81| [1:0xffffb8050000:0]     4251 ms: Young generation mutator utilization = 0.664 (mutator_speed=3544689, gc_speed=7009904)
   4.83| [1:0xffffb8050000]     4263 ms: Scavenge 1217.3 (1284.4) -> 1207.1 (1310.7) MB, pooled: 54 MB, 5.08 / 0.00 ms  (average mu = 0.694, current mu = 0.711) allocation failure; 
   4.83| [1:0xffffb8050000:0]     4263 ms: Young generation mutator utilization = 0.658 (mutator_speed=3643961, gc_speed=7025751)
   4.85| [1:0xffffb8050000]     4281 ms: Scavenge 1260.3 (1327.3) -> 1250.5 (1355.5) MB, pooled: 10 MB, 11.15 / 0.00 ms  (average mu = 0.694, current mu = 0.711) allocation failure; 
   4.85| [1:0xffffb8050000:0]     4281 ms: Young generation mutator utilization = 0.637 (mutator_speed=3722170, gc_speed=6535866)
   4.99| [1:0xffffb8050000]     4427 ms: Mark-Compact 1250.5 (1355.5) -> 326.1 (481.5) MB, pooled: 863 MB, 144.19 / 0.00 ms  (+ 0.1 ms in 1 steps since start of marking, biggest step 0.1 ms, walltime since start of marking 145 ms) (average mu = 0.705, current mu = 0.716) finalize incremental marking via stack guard; GC in old space requested
   5.05| [1:0xffffb8050000]     4485 ms: Scavenge (interleaved) 407.9 (483.4) -> 392.8 (483.4) MB, pooled: 862 MB, 5.87 / 0.00 ms  (average mu = 0.705, current mu = 0.716) task; 
   5.05| [1:0xffffb8050000:0]     4485 ms: Young generation mutator utilization = 0.685 (mutator_speed=2912616, gc_speed=6325655)
   5.06| [1:0xffffb8050000]     4496 ms: Scavenge 426.2 (491.9) -> 420.1 (533.1) MB, pooled: 813 MB, 5.88 / 0.00 ms  (average mu = 0.705, current mu = 0.716) allocation failure; 
   5.06| [1:0xffffb8050000:0]     4496 ms: Young generation mutator utilization = 0.680 (mutator_speed=2975736, gc_speed=6313878)
   5.07| [1:0xffffb8050000]     4511 ms: Scavenge 488.9 (554.4) -> 476.2 (571.9) MB, pooled: 776 MB, 5.95 / 0.00 ms  (average mu = 0.705, current mu = 0.716) allocation failure; 
   5.07| [1:0xffffb8050000:0]     4511 ms: Young generation mutator utilization = 0.721 (mutator_speed=3126749, gc_speed=8063723)
   5.09| [1:0xffffb8050000]     4523 ms: Scavenge 519.1 (584.7) -> 511.1 (619.4) MB, pooled: 729 MB, 6.16 / 0.00 ms  (average mu = 0.705, current mu = 0.716) allocation failure; 
   5.09| [1:0xffffb8050000:0]     4523 ms: Young generation mutator utilization = 0.717 (mutator_speed=3210528, gc_speed=8120286)
   5.10| [1:0xffffb8050000]     4537 ms: Scavenge 573.1 (638.7) -> 561.6 (660.4) MB, pooled: 689 MB, 6.12 / 0.00 ms  (average mu = 0.705, current mu = 0.716) allocation failure; 
   5.10| [1:0xffffb8050000:0]     4537 ms: Young generation mutator utilization = 0.712 (mutator_speed=3339207, gc_speed=8262277)
   5.11| [1:0xffffb8050000]     4549 ms: Scavenge 609.6 (675.2) -> 600.7 (706.2) MB, pooled: 644 MB, 5.23 / 0.00 ms  (average mu = 0.705, current mu = 0.716) allocation failure; 
   5.11| [1:0xffffb8050000:0]     4549 ms: Young generation mutator utilization = 0.712 (mutator_speed=3427558, gc_speed=8475076)
   5.15| [1:0xffffb8050000]     4582 ms: Scavenge 658.8 (724.6) -> 648.0 (749.1) MB, pooled: 602 MB, 5.17 / 0.00 ms  (average mu = 0.705, current mu = 0.716) allocation failure; 
   5.15| [1:0xffffb8050000:0]     4582 ms: Young generation mutator utilization = 0.745 (mutator_speed=3074344, gc_speed=8973370)
   5.16| [1:0xffffb8050000]     4594 ms: Scavenge 697.9 (764.2) -> 688.7 (794.0) MB, pooled: 558 MB, 4.95 / 0.00 ms  (average mu = 0.705, current mu = 0.716) task; 
   5.16| [1:0xffffb8050000:0]     4594 ms: Young generation mutator utilization = 0.743 (mutator_speed=3180651, gc_speed=9175773)
   5.17| [1:0xffffb8050000]     4608 ms: Scavenge 745.5 (811.1) -> 735.0 (836.6) MB, pooled: 517 MB, 6.62 / 0.00 ms  (average mu = 0.705, current mu = 0.716) allocation failure; 
   5.17| [1:0xffffb8050000:0]     4608 ms: Young generation mutator utilization = 0.731 (mutator_speed=3295241, gc_speed=8945375)
   5.18| [1:0xffffb8050000]     4620 ms: Scavenge 786.8 (852.4) -> 777.3 (881.7) MB, pooled: 473 MB, 5.06 / 0.00 ms  (average mu = 0.705, current mu = 0.716) allocation failure; 
   5.18| [1:0xffffb8050000:0]     4620 ms: Young generation mutator utilization = 0.745 (mutator_speed=3396392, gc_speed=9905807)
   5.20| [1:0xffffb8050000]     4632 ms: Scavenge 832.6 (898.4) -> 822.3 (924.6) MB, pooled: 431 MB, 5.03 / 0.00 ms  (average mu = 0.705, current mu = 0.716) allocation failure; 
   5.20| [1:0xffffb8050000:0]     4632 ms: Young generation mutator utilization = 0.746 (mutator_speed=3498780, gc_speed=10279604)
   5.21| [1:0xffffb8050000]     4644 ms: Scavenge 875.2 (941.0) -> 865.4 (969.2) MB, pooled: 388 MB, 5.22 / 0.00 ms  (average mu = 0.705, current mu = 0.716) allocation failure; 
   5.21| [1:0xffffb8050000:0]     4644 ms: Young generation mutator utilization = 0.742 (mutator_speed=3598916, gc_speed=10339603)
   5.24| [1:0xffffb8050000]     4678 ms: Scavenge 920.0 (985.6) -> 909.8 (1012.9) MB, pooled: 345 MB, 26.50 / 0.00 ms  (average mu = 0.705, current mu = 0.716) allocation failure; 
   5.24| [1:0xffffb8050000:0]     4678 ms: Young generation mutator utilization = 0.673 (mutator_speed=3688369, gc_speed=7578913)
   5.25| [1:0xffffb8050000]     4691 ms: Scavenge 963.3 (1029.0) -> 953.4 (1057.0) MB, pooled: 302 MB, 5.90 / 0.00 ms  (average mu = 0.705, current mu = 0.716) allocation failure; 
   5.25| [1:0xffffb8050000:0]     4691 ms: Young generation mutator utilization = 0.669 (mutator_speed=3750068, gc_speed=7582709)
   5.27| [1:0xffffb8050000]     4704 ms: Scavenge 1007.6 (1073.4) -> 997.5 (1100.9) MB, pooled: 259 MB, 5.21 / 0.00 ms  (average mu = 0.705, current mu = 0.716) allocation failure; 
   5.27| [1:0xffffb8050000:0]     4704 ms: Young generation mutator utilization = 0.667 (mutator_speed=3834481, gc_speed=7690504)
   5.28| [1:0xffffb8050000]     4716 ms: Scavenge 1051.3 (1117.0) -> 1041.4 (1144.8) MB, pooled: 216 MB, 5.39 / 0.00 ms  (average mu = 0.705, current mu = 0.716) allocation failure; 
   5.28| [1:0xffffb8050000:0]     4716 ms: Young generation mutator utilization = 0.662 (mutator_speed=3918423, gc_speed=7663866)
   5.29| [1:0xffffb8050000]     4728 ms: Scavenge 1095.3 (1161.2) -> 1085.3 (1188.5) MB, pooled: 173 MB, 5.21 / 0.00 ms  (average mu = 0.705, current mu = 0.716) allocation failure; 
   5.29| [1:0xffffb8050000:0]     4728 ms: Young generation mutator utilization = 0.658 (mutator_speed=3987144, gc_speed=7668874)
   5.31| [1:0xffffb8050000]     4741 ms: Scavenge 1139.2 (1205.1) -> 1129.2 (1232.6) MB, pooled: 130 MB, 5.36 / 0.00 ms  (average mu = 0.705, current mu = 0.716) allocation failure; 
   5.31| [1:0xffffb8050000:0]     4741 ms: Young generation mutator utilization = 0.653 (mutator_speed=4058279, gc_speed=7627979)
   5.32| [1:0xffffb8050000]     4753 ms: Scavenge 1183.2 (1249.1) -> 1173.3 (1276.9) MB, pooled: 87 MB, 5.04 / 0.00 ms  (average mu = 0.705, current mu = 0.716) allocation failure; 
   5.32| [1:0xffffb8050000:0]     4753 ms: Young generation mutator utilization = 0.654 (mutator_speed=4123319, gc_speed=7799144)
   5.35| [1:0xffffb8050000]     4779 ms: Scavenge 1227.0 (1293.1) -> 1217.0 (1320.6) MB, pooled: 44 MB, 18.70 / 0.00 ms  (average mu = 0.705, current mu = 0.716) allocation failure; 
   5.35| [1:0xffffb8050000:0]     4779 ms: Young generation mutator utilization = 0.611 (mutator_speed=4181389, gc_speed=6577250)
   5.54| [1:0xffffb8050000]     4977 ms: Mark-Compact 1217.1 (1320.6) -> 330.0 (494.7) MB, pooled: 850 MB, 196.21 / 0.00 ms  (+ 0.1 ms in 1 steps since start of marking, biggest step 0.1 ms, walltime since start of marking 198 ms) (average mu = 0.673, current mu = 0.643) finalize incremental marking via stack guard; GC in old space requested
   5.56| [1:0xffffb8050000]     4999 ms: Scavenge (interleaved) 423.2 (498.2) -> 406.0 (498.2) MB, pooled: 848 MB, 6.96 / 0.00 ms  (average mu = 0.673, current mu = 0.643) allocation failure; 
   5.56| [1:0xffffb8050000:0]     4999 ms: Young generation mutator utilization = 0.604 (mutator_speed=4173367, gc_speed=6364056)
   5.58| [1:0xffffb8050000]     5010 ms: Scavenge 431.1 (498.6) -> 426.4 (543.6) MB, pooled: 803 MB, 7.73 / 0.00 ms  (average mu = 0.673, current mu = 0.643) allocation failure; 
   5.58| [1:0xffffb8050000:0]     5010 ms: Young generation mutator utilization = 0.598 (mutator_speed=4189645, gc_speed=6242325)
   5.59| [1:0xffffb8050000]     5024 ms: Scavenge 501.4 (566.8) -> 487.5 (580.3) MB, pooled: 768 MB, 4.62 / 0.00 ms  (average mu = 0.673, current mu = 0.643) allocation failure; 
   5.59| [1:0xffffb8050000:0]     5024 ms: Young generation mutator utilization = 0.655 (mutator_speed=4288640, gc_speed=8141233)
   5.64| [1:0xffffb8050000]     5077 ms: Scavenge 520.8 (589.9) -> 514.6 (627.7) MB, pooled: 721 MB, 48.30 / 0.00 ms  (average mu = 0.673, current mu = 0.643) task; 
   5.64| [1:0xffffb8050000:0]     5077 ms: Young generation mutator utilization = 0.540 (mutator_speed=4325488, gc_speed=5070622)
   5.66| [1:0xffffb8050000]     5092 ms: Scavenge 583.6 (649.1) -> 570.8 (666.3) MB, pooled: 684 MB, 4.98 / 0.00 ms  (average mu = 0.673, current mu = 0.643) allocation failure; 
   5.66| [1:0xffffb8050000:0]     5092 ms: Young generation mutator utilization = 0.537 (mutator_speed=4362142, gc_speed=5059834)
   5.67| [1:0xffffb8050000]     5103 ms: Scavenge 613.8 (679.4) -> 605.8 (714.4) MB, pooled: 636 MB, 5.64 / 0.00 ms  (average mu = 0.673, current mu = 0.643) allocation failure; 
   5.67| [1:0xffffb8050000:0]     5104 ms: Young generation mutator utilization = 0.535 (mutator_speed=4397190, gc_speed=5064321)
   5.68| [1:0xffffb8050000]     5117 ms: Scavenge 667.8 (733.4) -> 656.4 (755.6) MB, pooled: 596 MB, 5.54 / 0.00 ms  (average mu = 0.673, current mu = 0.643) allocation failure; 
   5.68| [1:0xffffb8050000:0]     5117 ms: Young generation mutator utilization = 0.531 (mutator_speed=4451396, gc_speed=5039114)
   5.69| [1:0xffffb8050000]     5129 ms: Scavenge 704.3 (769.9) -> 695.4 (801.1) MB, pooled: 552 MB, 5.19 / 0.00 ms  (average mu = 0.673, current mu = 0.643) allocation failure; 
   5.69| [1:0xffffb8050000:0]     5129 ms: Young generation mutator utilization = 0.529 (mutator_speed=4503113, gc_speed=5053482)
   5.69| [5.1s] burst done chunks=1206 rss=1442.3MB heapTotal=801.1MB heapUsed=696.3MB
   7.70| [7.1s] idle rss=1442.5MB heapTotal=801.1MB heapUsed=696.4MB
   8.76| [1:0xffffb8050000:0]     8195 ms: Young generation mutator utilization = 1.000 (mutator_speed=238, gc_speed=5053482)
   8.76| [1:0xffffb8050000:0]     8195 ms: Old generation mutator utilization = 0.991 (mutator_speed=10977, gc_speed=1153342)
   8.76| [1:0xffffb8050000:0]     8195 ms: Memory reducer: high alloc, foreground
   8.76| [1:0xffffb8050000:0]     8195 ms: Memory reducer: waiting for 8000 ms
   9.70| [9.1s] idle rss=1442.5MB heapTotal=801.1MB heapUsed=696.4MB
  11.70| [11.1s] idle rss=1442.5MB heapTotal=801.1MB heapUsed=696.4MB
  13.71| [13.1s] idle rss=1442.5MB heapTotal=801.1MB heapUsed=696.4MB
  15.71| [15.1s] idle rss=1442.5MB heapTotal=801.1MB heapUsed=696.4MB
  16.86| [1:0xffffb8050000:0]    16298 ms: Young generation mutator utilization = 1.000 (mutator_speed=1, gc_speed=5053482)
  16.86| [1:0xffffb8050000:0]    16298 ms: Old generation mutator utilization = 1.000 (mutator_speed=1, gc_speed=1153342)
  16.86| [1:0xffffb8050000:0]    16298 ms: Embedder mutator utilization = 1.000 (mutator_speed=0, gc_speed=1)
  16.86| [1:0xffffb8050000:0]    16298 ms: Memory reducer: low alloc, foreground
  16.86| [1:0xffffb8050000:0]    16298 ms: Memory reducer: started GC #1
  16.92| [1:0xffffb8050000:0]    16357 ms: Memory reducer: finished GC #1 (will do more)
  16.92| [1:0xffffb8050000]    16357 ms: Mark-Compact (reduce) 696.4 (801.1) -> 3.1 (13.6) MB, pooled: 0 MB, 52.88 / 0.00 ms  (+ 1.1 ms in 2 steps since start of marking, biggest step 1.0 ms, walltime since start of marking 59 ms) (average mu = 0.981, current mu = 0.995) finalize incremental marking via task; GC in old space requested
  17.53| [1:0xffffb8050000:0]    16961 ms: Young generation mutator utilization = 1.000 (mutator_speed=1, gc_speed=5053482)
  17.53| [1:0xffffb8050000:0]    16962 ms: Old generation mutator utilization = 1.000 (mutator_speed=147, gc_speed=973089)
  17.53| [1:0xffffb8050000:0]    16962 ms: Embedder mutator utilization = 1.000 (mutator_speed=0, gc_speed=1)
  17.53| [1:0xffffb8050000:0]    16962 ms: Memory reducer: low alloc, foreground
  17.53| [1:0xffffb8050000:0]    16962 ms: Memory reducer: started GC #2
  17.53| [1:0xffffb8050000:0]    16966 ms: Memory reducer: finished GC #2 (done)
  17.53| [1:0xffffb8050000]    16966 ms: Mark-Compact (reduce) 3.1 (13.6) -> 3.0 (5.6) MB, pooled: 0 MB, 2.17 / 0.00 ms  (+ 1.5 ms in 17 steps since start of marking, biggest step 0.3 ms, walltime since start of marking 5 ms) (average mu = 0.982, current mu = 0.994) finalize incremental marking via task; GC in old space requested
  17.71| [17.1s] idle rss=91.8MB heapTotal=5.6MB heapUsed=3.0MB
  19.72| [19.1s] idle rss=91.8MB heapTotal=5.6MB heapUsed=3.0MB
  21.72| [21.1s] idle rss=91.8MB heapTotal=5.6MB heapUsed=3.0MB
  23.72| [23.1s] idle rss=91.8MB heapTotal=5.6MB heapUsed=3.1MB
  25.72| [25.1s] idle rss=91.8MB heapTotal=5.6MB heapUsed=3.1MB
  27.73| [27.1s] idle rss=91.8MB heapTotal=5.6MB heapUsed=3.1MB
  29.73| [29.1s] idle rss=91.8MB heapTotal=5.6MB heapUsed=3.1MB
  31.73| [31.1s] idle rss=91.8MB heapTotal=5.6MB heapUsed=3.1MB
  33.74| [33.1s] idle rss=91.8MB heapTotal=5.6MB heapUsed=3.1MB
  35.74| [35.2s] idle rss=91.9MB heapTotal=5.6MB heapUsed=3.1MB
  37.74| [37.2s] idle rss=91.9MB heapTotal=5.6MB heapUsed=3.1MB
  39.76| [39.2s] idle rss=89.6MB heapTotal=5.6MB heapUsed=3.1MB
  41.75| [41.2s] idle rss=89.6MB heapTotal=5.6MB heapUsed=3.1MB
  43.75| [43.2s] idle rss=89.6MB heapTotal=5.6MB heapUsed=3.1MB
  45.75| [45.2s] idle rss=89.6MB heapTotal=5.6MB heapUsed=3.1MB
  47.76| [47.2s] idle rss=89.6MB heapTotal=5.6MB heapUsed=3.1MB
  49.76| [49.2s] idle rss=89.6MB heapTotal=5.6MB heapUsed=3.1MB
  51.76| [51.2s] idle rss=89.6MB heapTotal=5.6MB heapUsed=3.2MB
  53.76| [53.2s] idle rss=89.6MB heapTotal=5.6MB heapUsed=3.2MB
  55.76| [55.2s] idle rss=89.6MB heapTotal=5.6MB heapUsed=3.2MB
  57.76| [57.2s] idle rss=89.6MB heapTotal=5.6MB heapUsed=3.2MB
  59.77| [59.2s] idle rss=89.6MB heapTotal=5.6MB heapUsed=3.2MB
  61.77| [61.2s] idle rss=89.6MB heapTotal=5.6MB heapUsed=3.2MB
  63.77| [63.2s] idle rss=89.6MB heapTotal=5.6MB heapUsed=3.2MB
  65.77| [65.2s] idle rss=89.6MB heapTotal=5.6MB heapUsed=3.2MB
  67.78| [67.2s] idle rss=89.6MB heapTotal=5.6MB heapUsed=3.2MB
  69.78| [69.2s] idle rss=89.6MB heapTotal=5.6MB heapUsed=3.2MB
  71.78| [71.2s] idle rss=89.6MB heapTotal=5.6MB heapUsed=3.2MB
  73.78| [73.2s] idle rss=89.6MB heapTotal=5.6MB heapUsed=3.2MB
  75.78| [75.2s] idle rss=89.6MB heapTotal=5.6MB heapUsed=3.2MB
  77.79| [77.2s] idle rss=89.6MB heapTotal=5.6MB heapUsed=3.2MB
  79.79| [79.2s] idle rss=89.6MB heapTotal=5.6MB heapUsed=3.2MB
  81.79| [81.2s] idle rss=89.6MB heapTotal=5.6MB heapUsed=3.2MB
  83.82| [83.2s] idle rss=73.1MB heapTotal=5.6MB heapUsed=3.2MB
  85.83| [85.2s] idle rss=74.5MB heapTotal=5.6MB heapUsed=3.2MB
  87.83| [87.2s] idle rss=74.6MB heapTotal=5.6MB heapUsed=3.2MB
  89.83| [89.2s] idle rss=74.6MB heapTotal=5.6MB heapUsed=3.2MB
  91.83| [91.2s] idle rss=74.6MB heapTotal=5.6MB heapUsed=3.2MB
  93.84| [93.3s] idle rss=74.6MB heapTotal=5.6MB heapUsed=3.2MB
  95.84| [95.3s] idle rss=74.8MB heapTotal=5.6MB heapUsed=3.2MB
  97.84| [97.3s] idle rss=74.8MB heapTotal=5.6MB heapUsed=3.2MB
  99.85| [99.3s] idle rss=74.8MB heapTotal=5.6MB heapUsed=3.2MB
 101.85| [101.3s] idle rss=74.8MB heapTotal=5.6MB heapUsed=3.2MB
 103.86| [103.3s] idle rss=74.8MB heapTotal=5.6MB heapUsed=3.2MB
 105.86| [105.3s] idle rss=74.8MB heapTotal=5.6MB heapUsed=3.2MB
 107.86| [107.3s] idle rss=74.8MB heapTotal=5.6MB heapUsed=3.2MB
 109.86| [109.3s] idle rss=74.8MB heapTotal=5.6MB heapUsed=3.2MB
 111.87| [111.3s] idle rss=74.8MB heapTotal=5.6MB heapUsed=3.2MB
 113.87| [113.3s] idle rss=74.8MB heapTotal=5.6MB heapUsed=3.2MB
 115.87| [115.3s] idle rss=74.8MB heapTotal=5.6MB heapUsed=3.2MB
 117.88| [117.3s] idle rss=74.8MB heapTotal=5.6MB heapUsed=3.2MB
 119.88| [119.3s] idle rss=74.8MB heapTotal=5.6MB heapUsed=3.2MB
 121.88| [121.3s] idle rss=74.8MB heapTotal=5.6MB heapUsed=3.2MB
 123.89| [123.3s] idle rss=74.8MB heapTotal=5.6MB heapUsed=3.2MB
 125.89| [125.3s] idle rss=74.8MB heapTotal=5.6MB heapUsed=3.2MB
 127.89| [127.3s] idle rss=74.8MB heapTotal=5.6MB heapUsed=3.3MB
 129.90| [129.3s] idle rss=55.8MB heapTotal=5.6MB heapUsed=3.3MB
 130.71| [130.1s] reburst rss=57.7MB heapTotal=5.6MB heapUsed=3.3MB
 130.72| [1:0xffffb8050000]   130157 ms: Scavenge 4.3 (5.7) -> 3.9 (6.7) MB, pooled: 0 MB, 1.50 / 0.00 ms  (average mu = 0.982, current mu = 0.994) allocation failure; 
 130.72| [1:0xffffb8050000:0]   130157 ms: Young generation mutator utilization = 1.000 (mutator_speed=9, gc_speed=4696352)
 130.72| [1:0xffffb8050000]   130157 ms: Scavenge 4.3 (6.7) -> 4.2 (7.2) MB, pooled: 0 MB, 0.42 / 0.00 ms  (average mu = 0.982, current mu = 0.994) allocation failure; 
 130.72| [1:0xffffb8050000:0]   130157 ms: Young generation mutator utilization = 0.999 (mutator_speed=2705, gc_speed=5018215)
 130.72| [1:0xffffb8050000]   130158 ms: Scavenge 4.9 (7.2) -> 4.7 (9.5) MB, pooled: 0 MB, 0.46 / 0.00 ms  (average mu = 0.982, current mu = 0.994) allocation failure; 
 130.72| [1:0xffffb8050000:0]   130158 ms: Young generation mutator utilization = 0.998 (mutator_speed=7900, gc_speed=4812300)
 130.72| [1:0xffffb8050000]   130159 ms: Scavenge 6.1 (9.5) -> 5.7 (10.2) MB, pooled: 0 MB, 0.36 / 0.00 ms  (average mu = 0.982, current mu = 0.994) allocation failure; 
 130.72| [1:0xffffb8050000:0]   130159 ms: Young generation mutator utilization = 0.996 (mutator_speed=18457, gc_speed=4480433)
 130.72| [1:0xffffb8050000]   130160 ms: Scavenge 6.7 (10.2) -> 6.4 (15.0) MB, pooled: 0 MB, 0.56 / 0.00 ms  (average mu = 0.982, current mu = 0.994) allocation failure; 
 130.72| [1:0xffffb8050000:0]   130160 ms: Young generation mutator utilization = 0.994 (mutator_speed=25113, gc_speed=4015544)
 130.72| [1:0xffffb8050000]   130162 ms: Scavenge 9.7 (15.0) -> 8.8 (15.7) MB, pooled: 0 MB, 0.64 / 0.00 ms  (average mu = 0.982, current mu = 0.994) allocation failure; 
 130.72| [1:0xffffb8050000:0]   130162 ms: Young generation mutator utilization = 0.995 (mutator_speed=48852, gc_speed=9437118)
 130.72| [1:0xffffb8050000]   130164 ms: Scavenge 10.5 (15.9) -> 10.1 (26.1) MB, pooled: 0 MB, 1.05 / 0.00 ms  (average mu = 0.982, current mu = 0.994) allocation failure; 
 130.72| [1:0xffffb8050000:0]   130164 ms: Young generation mutator utilization = 0.993 (mutator_speed=60043, gc_speed=8774769)
 130.73| [1:0xffffb8050000]   130166 ms: Scavenge 16.9 (26.1) -> 15.3 (27.1) MB, pooled: 0 MB, 0.86 / 0.00 ms  (average mu = 0.982, current mu = 0.994) allocation failure; 
 130.73| [1:0xffffb8050000:0]   130166 ms: Young generation mutator utilization = 0.987 (mutator_speed=108838, gc_speed=8116594)
 130.73| [1:0xffffb8050000]   130171 ms: Scavenge 18.2 (27.3) -> 17.5 (48.8) MB, pooled: 0 MB, 2.28 / 0.00 ms  (average mu = 0.982, current mu = 0.994) allocation failure; 
 130.73| [1:0xffffb8050000:0]   130171 ms: Young generation mutator utilization = 0.981 (mutator_speed=126391, gc_speed=6457868)
 130.76| [1:0xffffb8050000]   130198 ms: Mark-Compact 43.9 (61.2) -> 37.4 (109.2) MB, pooled: 0 MB, 8.50 / 0.00 ms  (+ 4.8 ms in 416 steps since start of marking, biggest step 0.1 ms, walltime since start of marking 26 ms) (average mu = 0.999, current mu = 1.000) allocation failure; Incremental marking forced finalization
 130.79| [1:0xffffb8050000]   130227 ms: Scavenge 79.1 (116.8) -> 69.0 (116.8) MB, pooled: 0 MB, 9.63 / 0.00 ms  (average mu = 0.999, current mu = 1.000) allocation failure; 
 130.79| [1:0xffffb8050000:0]   130227 ms: Young generation mutator utilization = 0.860 (mutator_speed=467898, gc_speed=2883161)
 130.80| [1:0xffffb8050000]   130241 ms: Scavenge 84.0 (121.8) -> 80.9 (205.3) MB, pooled: 0 MB, 9.52 / 0.00 ms  (average mu = 0.999, current mu = 1.000) allocation failure; 
 130.80| [1:0xffffb8050000:0]   130241 ms: Young generation mutator utilization = 0.857 (mutator_speed=525914, gc_speed=3142680)
 130.84| [1:0xffffb8050000]   130277 ms: Scavenge 165.4 (232.3) -> 148.5 (239.6) MB, pooled: 0 MB, 14.17 / 0.00 ms  (average mu = 0.999, current mu = 1.000) allocation failure; 
 130.84| [1:0xffffb8050000:0]   130277 ms: Young generation mutator utilization = 0.798 (mutator_speed=838028, gc_speed=3317244)
 130.86| [1:0xffffb8050000]   130298 ms: Scavenge 184.0 (250.9) -> 176.8 (291.4) MB, pooled: 0 MB, 11.44 / 0.00 ms  (average mu = 0.999, current mu = 1.000) allocation failure; 
 130.99| [1:0xffffb8050000:0]   130298 ms: Young generation mutator utilization = 0.799 (mutator_speed=949454, gc_speed=3768946)
 130.99| [1:0xffffb8050000]   130419 ms: Mark-Compact 271.0 (337.8) -> 251.9 (391.6) MB, pooled: 0 MB, 80.58 / 0.00 ms  (+ 6.4 ms in 722 steps since start of marking, biggest step 0.1 ms, walltime since start of marking 112 ms) (average mu = 0.998, current mu = 0.609) allocation failure; GC in old space requested
 131.05| [1:0xffffb8050000]   130493 ms: Scavenge 346.7 (421.9) -> 327.8 (421.9) MB, pooled: 0 MB, 10.54 / 0.00 ms  (average mu = 0.998, current mu = 0.609) allocation failure; 
 131.09| [1:0xffffb8050000:0]   130494 ms: Young generation mutator utilization = 0.782 (mutator_speed=1095298, gc_speed=3917702)
 131.09| [1:0xffffb8050000]   130528 ms: Scavenge 355.9 (431.1) -> 350.2 (471.4) MB, pooled: 0 MB, 18.08 / 0.00 ms  (average mu = 0.998, current mu = 0.609) allocation failure; 
 131.09| [1:0xffffb8050000:0]   130528 ms: Young generation mutator utilization = 0.775 (mutator_speed=1105741, gc_speed=3804762)
 131.11| [1:0xffffb8050000]   130553 ms: Scavenge 425.4 (495.5) -> 410.2 (509.5) MB, pooled: 0 MB, 8.27 / 0.00 ms  (average mu = 0.998, current mu = 0.609) allocation failure; 
 131.11| [1:0xffffb8050000:0]   130553 ms: Young generation mutator utilization = 0.752 (mutator_speed=1334892, gc_speed=4043606)
 131.15| [1:0xffffb8050000]   130588 ms: Scavenge 452.5 (522.5) -> 444.0 (558.2) MB, pooled: 0 MB, 26.18 / 0.00 ms  (average mu = 0.998, current mu = 0.609) allocation failure; 
 131.15| [1:0xffffb8050000:0]   130588 ms: Young generation mutator utilization = 0.714 (mutator_speed=1452126, gc_speed=3623822)
 131.17| [1:0xffffb8050000]   130614 ms: Scavenge 509.2 (579.2) -> 496.1 (599.5) MB, pooled: 0 MB, 10.92 / 0.00 ms  (average mu = 0.998, current mu = 0.609) allocation failure; 
 131.17| [1:0xffffb8050000:0]   130614 ms: Young generation mutator utilization = 0.697 (mutator_speed=1614349, gc_speed=3718610)
 131.20| [1:0xffffb8050000]   130638 ms: Scavenge 545.3 (615.3) -> 535.5 (646.8) MB, pooled: 0 MB, 12.61 / 0.00 ms  (average mu = 0.998, current mu = 0.609) allocation failure; 
 131.20| [1:0xffffb8050000:0]   130638 ms: Young generation mutator utilization = 0.688 (mutator_speed=1726969, gc_speed=3806759)
 131.24| [1:0xffffb8050000]   130680 ms: Scavenge 595.8 (665.9) -> 583.6 (689.7) MB, pooled: 0 MB, 28.83 / 0.00 ms  (average mu = 0.998, current mu = 0.609) allocation failure; 
 131.24| [1:0xffffb8050000:0]   130680 ms: Young generation mutator utilization = 0.656 (mutator_speed=1850436, gc_speed=3531416)
 131.26| [1:0xffffb8050000]   130702 ms: Scavenge 633.6 (705.4) -> 623.6 (734.4) MB, pooled: 0 MB, 11.11 / 0.00 ms  (average mu = 0.998, current mu = 0.609) task; 
 131.26| [1:0xffffb8050000:0]   130702 ms: Young generation mutator utilization = 0.652 (mutator_speed=1954094, gc_speed=3659373)
 131.29| [1:0xffffb8050000]   130726 ms: Scavenge 683.0 (753.1) -> 672.2 (777.6) MB, pooled: 0 MB, 10.83 / 0.00 ms  (average mu = 0.998, current mu = 0.609) allocation failure; 
 131.29| [1:0xffffb8050000:0]   130726 ms: Young generation mutator utilization = 0.646 (mutator_speed=2069238, gc_speed=3782011)
 131.31| [1:0xffffb8050000]   130746 ms: Scavenge 722.9 (793.1) -> 714.1 (823.1) MB, pooled: 0 MB, 10.65 / 0.00 ms  (average mu = 0.998, current mu = 0.609) allocation failure; 
 131.31| [1:0xffffb8050000:0]   130747 ms: Young generation mutator utilization = 0.636 (mutator_speed=2172023, gc_speed=3793394)
 131.34| [1:0xffffb8050000]   130783 ms: Scavenge 770.4 (840.4) -> 760.6 (866.6) MB, pooled: 0 MB, 24.97 / 0.00 ms  (average mu = 0.998, current mu = 0.609) allocation failure; 
 131.34| [1:0xffffb8050000:0]   130783 ms: Young generation mutator utilization = 0.607 (mutator_speed=2272976, gc_speed=3511227)
 131.36| [1:0xffffb8050000]   130805 ms: Scavenge 812.8 (883.0) -> 803.8 (912.0) MB, pooled: 0 MB, 10.84 / 0.00 ms  (average mu = 0.998, current mu = 0.609) allocation failure; 
 131.36| [1:0xffffb8050000:0]   130805 ms: Young generation mutator utilization = 0.608 (mutator_speed=2353738, gc_speed=3656456)
 131.39| [1:0xffffb8050000]   130826 ms: Scavenge 858.9 (929.2) -> 849.4 (955.9) MB, pooled: 0 MB, 10.09 / 0.00 ms  (average mu = 0.998, current mu = 0.609) allocation failure; 
 131.39| [1:0xffffb8050000:0]   130826 ms: Young generation mutator utilization = 0.600 (mutator_speed=2436189, gc_speed=3647295)
 131.41| [1:0xffffb8050000]   130849 ms: Scavenge 902.3 (972.5) -> 893.2 (1001.3) MB, pooled: 0 MB, 11.66 / 0.00 ms  (average mu = 0.998, current mu = 0.609) allocation failure; 
 131.41| [1:0xffffb8050000:0]   130849 ms: Young generation mutator utilization = 0.616 (mutator_speed=2504456, gc_speed=4016549)
 131.44| [1:0xffffb8050000]   130885 ms: Scavenge 930.7 (1012.4) -> 924.2 (1039.6) MB, pooled: 0 MB, 28.05 / 0.00 ms  (average mu = 0.998, current mu = 0.609) task; 
 131.44| [1:0xffffb8050000:0]   130885 ms: Young generation mutator utilization = 0.582 (mutator_speed=2550432, gc_speed=3549123)
 131.47| [1:0xffffb8050000]   130911 ms: Scavenge 990.3 (1060.6) -> 978.9 (1079.8) MB, pooled: 0 MB, 10.76 / 0.00 ms  (average mu = 0.998, current mu = 0.609) allocation failure; 
 131.47| [1:0xffffb8050000:0]   130911 ms: Young generation mutator utilization = 0.578 (mutator_speed=2611064, gc_speed=3582484)
 131.49| [1:0xffffb8050000]   130933 ms: Scavenge 1023.7 (1093.8) -> 1015.9 (1127.8) MB, pooled: 0 MB, 12.52 / 0.00 ms  (average mu = 0.998, current mu = 0.609) allocation failure; 
 131.49| [1:0xffffb8050000:0]   130933 ms: Young generation mutator utilization = 0.603 (mutator_speed=2652702, gc_speed=4026293)
 131.54| [1:0xffffb8050000]   130977 ms: Scavenge 1076.6 (1146.8) -> 1066.1 (1170.1) MB, pooled: 0 MB, 30.61 / 0.00 ms  (average mu = 0.998, current mu = 0.609) allocation failure; 
 131.54| [1:0xffffb8050000:0]   130977 ms: Young generation mutator utilization = 0.567 (mutator_speed=2715321, gc_speed=3548583)
 131.70| [1:0xffffb8050000]   131139 ms: Mark-Compact 1099.1 (1180.0) -> 326.6 (484.2) MB, pooled: 677 MB, 8.76 / 0.00 ms  (+ 136.7 ms in 26 steps since start of marking, biggest step 19.3 ms, walltime since start of marking 153 ms) (average mu = 0.993, current mu = 0.799) finalize incremental marking via stack guard; GC in old space requested
 131.76| [1:0xffffb8050000]   131203 ms: Scavenge 420.5 (491.4) -> 404.4 (491.4) MB, pooled: 672 MB, 13.87 / 0.00 ms  (average mu = 0.993, current mu = 0.799) allocation failure; 
 131.76| [1:0xffffb8050000:0]   131203 ms: Young generation mutator utilization = 0.754 (mutator_speed=1127251, gc_speed=3450752)
 131.79| [1:0xffffb8050000]   131233 ms: Scavenge 428.2 (499.1) -> 424.0 (543.9) MB, pooled: 620 MB, 24.02 / 0.00 ms  (average mu = 0.993, current mu = 0.799) allocation failure; 
 131.79| [1:0xffffb8050000:0]   131233 ms: Young generation mutator utilization = 0.730 (mutator_speed=1192226, gc_speed=3215609)
 131.82| [1:0xffffb8050000]   131262 ms: Scavenge 500.4 (568.0) -> 487.2 (580.0) MB, pooled: 585 MB, 13.60 / 0.00 ms  (average mu = 0.993, current mu = 0.799) allocation failure; 
 131.82| [1:0xffffb8050000:0]   131262 ms: Young generation mutator utilization = 0.705 (mutator_speed=1429311, gc_speed=3416908)
 131.87| [1:0xffffb8050000]   131287 ms: Scavenge 524.3 (591.8) -> 517.8 (631.1) MB, pooled: 534 MB, 11.29 / 0.00 ms  (average mu = 0.993, current mu = 0.799) allocation failure; 
 131.87| [1:0xffffb8050000:0]   131287 ms: Young generation mutator utilization = 0.699 (mutator_speed=1474918, gc_speed=3420780)
 131.87| [1:0xffffb8050000]   131311 ms: Scavenge 584.2 (651.8) -> 572.7 (671.1) MB, pooled: 496 MB, 10.88 / 0.00 ms  (average mu = 0.993, current mu = 0.799) allocation failure; 
 131.87| [1:0xffffb8050000:0]   131312 ms: Young generation mutator utilization = 0.672 (mutator_speed=1658931, gc_speed=3394625)
 131.89| [1:0xffffb8050000]   131328 ms: Scavenge 617.3 (685.0) -> 609.6 (719.0) MB, pooled: 449 MB, 8.49 / 0.00 ms  (average mu = 0.993, current mu = 0.799) allocation failure; 
 131.89| [1:0xffffb8050000:0]   131328 ms: Young generation mutator utilization = 0.660 (mutator_speed=1783073, gc_speed=3468463)
 131.90| [1:0xffffb8050000]   131344 ms: Scavenge 670.4 (737.9) -> 659.8 (760.6) MB, pooled: 408 MB, 6.46 / 0.00 ms  (average mu = 0.993, current mu = 0.799) allocation failure; 
 131.90| [1:0xffffb8050000:0]   131344 ms: Young generation mutator utilization = 0.675 (mutator_speed=1953780, gc_speed=4052253)
 131.94| [1:0xffffb8050000]   131377 ms: Scavenge 708.5 (776.1) -> 700.1 (807.3) MB, pooled: 362 MB, 24.63 / 0.00 ms  (average mu = 0.993, current mu = 0.799) allocation failure; 
 131.94| [1:0xffffb8050000:0]   131377 ms: Young generation mutator utilization = 0.640 (mutator_speed=2083772, gc_speed=3709621)
 131.94| [131.4s] idle rss=1235.8MB heapTotal=807.3MB heapUsed=700.2MB
 131.95| [1:0xffffb8050000]   131395 ms: Scavenge 758.0 (825.6) -> 748.0 (850.8) MB, pooled: 320 MB, 8.63 / 0.00 ms  (average mu = 0.993, current mu = 0.799) allocation failure; 
 131.95| [1:0xffffb8050000:0]   131395 ms: Young generation mutator utilization = 0.630 (mutator_speed=2225201, gc_speed=3791734)
 131.97| [1:0xffffb8050000]   131410 ms: Scavenge 798.9 (866.5) -> 790.0 (896.2) MB, pooled: 276 MB, 6.25 / 0.00 ms  (average mu = 0.993, current mu = 0.799) allocation failure; 
 131.97| [1:0xffffb8050000:0]   131410 ms: Young generation mutator utilization = 0.659 (mutator_speed=2343871, gc_speed=4523507)
 131.98| [1:0xffffb8050000]   131425 ms: Scavenge 846.1 (913.8) -> 836.4 (940.1) MB, pooled: 233 MB, 6.01 / 0.00 ms  (average mu = 0.993, current mu = 0.799) allocation failure; 
 131.99| [1:0xffffb8050000:0]   131425 ms: Young generation mutator utilization = 0.664 (mutator_speed=2468536, gc_speed=4870406)
 132.00| [1:0xffffb8050000]   131441 ms: Scavenge 888.6 (956.3) -> 879.5 (985.3) MB, pooled: 189 MB, 7.91 / 0.00 ms  (average mu = 0.993, current mu = 0.799) allocation failure; 
 132.00| [1:0xffffb8050000:0]   131441 ms: Young generation mutator utilization = 0.683 (mutator_speed=2587936, gc_speed=5578297)
 132.02| [1:0xffffb8050000]   131457 ms: Scavenge 934.7 (1002.4) -> 925.1 (1029.4) MB, pooled: 146 MB, 7.74 / 0.00 ms  (average mu = 0.993, current mu = 0.799) allocation failure; 
 132.02| [1:0xffffb8050000:0]   131457 ms: Young generation mutator utilization = 0.687 (mutator_speed=2712735, gc_speed=5944738)
 132.04| [1:0xffffb8050000]   131480 ms: Scavenge 978.2 (1045.7) -> 969.0 (1074.2) MB, pooled: 102 MB, 15.37 / 0.00 ms  (average mu = 0.993, current mu = 0.799) allocation failure; 
 132.04| [1:0xffffb8050000:0]   131480 ms: Young generation mutator utilization = 0.668 (mutator_speed=2822229, gc_speed=5684743)
 132.05| [1:0xffffb8050000]   131493 ms: Scavenge 1023.5 (1091.1) -> 1014.0 (1118.1) MB, pooled: 59 MB, 5.37 / 0.00 ms  (average mu = 0.993, current mu = 0.799) allocation failure; 
 132.05| [1:0xffffb8050000:0]   131493 ms: Young generation mutator utilization = 0.672 (mutator_speed=2942325, gc_speed=6026851)
 132.07| [1:0xffffb8050000]   131506 ms: Scavenge 1067.5 (1135.2) -> 1058.3 (1163.5) MB, pooled: 15 MB, 5.56 / 0.00 ms  (average mu = 0.993, current mu = 0.799) allocation failure; 
 132.07| [1:0xffffb8050000:0]   131506 ms: Young generation mutator utilization = 0.670 (mutator_speed=3051821, gc_speed=6199704)
 132.08| [1:0xffffb8050000]   131522 ms: Scavenge 1112.5 (1180.3) -> 1103.1 (1207.8) MB, pooled: 0 MB, 8.70 / 0.00 ms  (average mu = 0.993, current mu = 0.799) allocation failure; 
 132.09| [1:0xffffb8050000:0]   131522 ms: Young generation mutator utilization = 0.658 (mutator_speed=3152108, gc_speed=6068186)
 132.10| [1:0xffffb8050000]   131542 ms: Scavenge 1150.3 (1222.4) -> 1142.1 (1250.4) MB, pooled: 0 MB, 10.39 / 0.00 ms  (average mu = 0.993, current mu = 0.799) task; 
 132.26| [1:0xffffb8050000:0]   131542 ms: Young generation mutator utilization = 0.690 (mutator_speed=3175541, gc_speed=7069415)
 132.26| [1:0xffffb8050000]   131578 ms: Scavenge 1201.0 (1268.6) -> 1190.8 (1293.1) MB, pooled: 0 MB, 24.58 / 0.00 ms  (average mu = 0.993, current mu = 0.799) allocation failure; 
 132.26| [1:0xffffb8050000:0]   131578 ms: Young generation mutator utilization = 0.648 (mutator_speed=3214193, gc_speed=5916037)
 132.26| [1:0xffffb8050000]   131596 ms: Scavenge 1241.0 (1308.8) -> 1232.3 (1338.8) MB, pooled: 0 MB, 8.19 / 0.00 ms  (average mu = 0.993, current mu = 0.799) allocation failure; 
 132.26| [1:0xffffb8050000:0]   131596 ms: Young generation mutator utilization = 0.641 (mutator_speed=3243833, gc_speed=5802363)
 132.36| [1:0xffffb8050000]   131801 ms: Mark-Compact 1237.4 (1340.2) -> 332.2 (503.6) MB, pooled: 816 MB, 8.16 / 0.00 ms  (+ 193.0 ms in 62 steps since start of marking, biggest step 43.5 ms, walltime since start of marking 205 ms) (average mu = 0.981, current mu = 0.696) finalize incremental marking via stack guard; GC in old space requested
 132.38| [1:0xffffb8050000]   131823 ms: Scavenge (interleaved) 426.1 (506.1) -> 410.0 (506.1) MB, pooled: 815 MB, 5.79 / 0.00 ms  (average mu = 0.981, current mu = 0.696) allocation failure; 
 132.38| [1:0xffffb8050000:0]   131824 ms: Young generation mutator utilization = 0.829 (mutator_speed=1189714, gc_speed=5753448)
 132.44| [1:0xffffb8050000]   131878 ms: Scavenge 433.7 (506.6) -> 429.6 (547.8) MB, pooled: 774 MB, 50.79 / 0.00 ms  (average mu = 0.981, current mu = 0.696) allocation failure; 
 132.44| [1:0xffffb8050000:0]   131878 ms: Young generation mutator utilization = 0.761 (mutator_speed=1272041, gc_speed=4054959)
 132.46| [1:0xffffb8050000]   131897 ms: Scavenge 506.0 (571.6) -> 492.8 (584.1) MB, pooled: 739 MB, 5.99 / 0.00 ms  (average mu = 0.981, current mu = 0.696) allocation failure; 
 132.46| [1:0xffffb8050000:0]   131897 ms: Young generation mutator utilization = 0.727 (mutator_speed=1530276, gc_speed=4081259)
 132.47| [1:0xffffb8050000]   131910 ms: Scavenge 529.8 (595.5) -> 523.4 (634.7) MB, pooled: 689 MB, 7.92 / 0.00 ms  (average mu = 0.981, current mu = 0.696) allocation failure; 
 132.47| [1:0xffffb8050000:0]   131910 ms: Young generation mutator utilization = 0.723 (mutator_speed=1653842, gc_speed=4326848)
 132.49| [1:0xffffb8050000]   131927 ms: Scavenge 589.8 (655.5) -> 578.2 (674.5) MB, pooled: 650 MB, 6.58 / 0.00 ms  (average mu = 0.981, current mu = 0.696) allocation failure; 
 132.49| [1:0xffffb8050000:0]   131927 ms: Young generation mutator utilization = 0.698 (mutator_speed=1848888, gc_speed=4274210)
 132.50| [1:0xffffb8050000]   131942 ms: Scavenge 622.9 (688.7) -> 615.1 (722.9) MB, pooled: 603 MB, 7.90 / 0.00 ms  (average mu = 0.981, current mu = 0.696) allocation failure; 
 132.50| [1:0xffffb8050000:0]   131942 ms: Young generation mutator utilization = 0.680 (mutator_speed=1977976, gc_speed=4211261)
 132.52| [1:0xffffb8050000]   131959 ms: Scavenge 675.9 (741.8) -> 665.4 (764.8) MB, pooled: 562 MB, 7.21 / 0.00 ms  (average mu = 0.981, current mu = 0.696) allocation failure; 
 132.52| [1:0xffffb8050000:0]   131959 ms: Young generation mutator utilization = 0.664 (mutator_speed=2146369, gc_speed=4248910)
 132.54| [1:0xffffb8050000]   131982 ms: Scavenge 714.1 (780.0) -> 705.7 (811.5) MB, pooled: 516 MB, 14.97 / 0.00 ms  (average mu = 0.981, current mu = 0.696) allocation failure; 
 132.54| [1:0xffffb8050000:0]   131982 ms: Young generation mutator utilization = 0.647 (mutator_speed=2261856, gc_speed=4141636)
 132.56| [1:0xffffb8050000]   131998 ms: Scavenge 763.4 (829.3) -> 753.4 (854.3) MB, pooled: 474 MB, 7.09 / 0.00 ms  (average mu = 0.981, current mu = 0.696) allocation failure; 
 132.56| [1:0xffffb8050000:0]   131998 ms: Young generation mutator utilization = 0.663 (mutator_speed=2407917, gc_speed=4733874)
 132.57| [1:0xffffb8050000]   132013 ms: Scavenge 804.5 (870.4) -> 795.6 (900.1) MB, pooled: 430 MB, 7.59 / 0.00 ms  (average mu = 0.981, current mu = 0.696) allocation failure; 
 132.57| [1:0xffffb8050000:0]   132013 ms: Young generation mutator utilization = 0.653 (mutator_speed=2530894, gc_speed=4757334)
 132.59| [1:0xffffb8050000]   132027 ms: Scavenge 851.7 (917.7) -> 842.0 (943.7) MB, pooled: 387 MB, 5.71 / 0.00 ms  (average mu = 0.981, current mu = 0.696) allocation failure; 
 132.59| [1:0xffffb8050000:0]   132027 ms: Young generation mutator utilization = 0.644 (mutator_speed=2654375, gc_speed=4810804)
 132.60| [1:0xffffb8050000]   132037 ms: Scavenge 881.0 (955.9) -> 874.3 (984.9) MB, pooled: 347 MB, 5.19 / 0.00 ms  (average mu = 0.981, current mu = 0.696) task; 
 132.60| [1:0xffffb8050000:0]   132037 ms: Young generation mutator utilization = 0.733 (mutator_speed=2748201, gc_speed=7534274)
 132.61| [1:0xffffb8050000]   132053 ms: Scavenge 939.3 (1005.3) -> 928.0 (1025.5) MB, pooled: 308 MB, 6.47 / 0.00 ms  (average mu = 0.981, current mu = 0.696) allocation failure; 
 132.61| [1:0xffffb8050000:0]   132053 ms: Young generation mutator utilization = 0.722 (mutator_speed=2894061, gc_speed=7512048)
 132.64| [1:0xffffb8050000]   132081 ms: Scavenge 973.7 (1039.6) -> 965.7 (1073.1) MB, pooled: 261 MB, 21.61 / 0.00 ms  (average mu = 0.981, current mu = 0.696) allocation failure; 
 132.64| [1:0xffffb8050000:0]   132081 ms: Young generation mutator utilization = 0.681 (mutator_speed=2979657, gc_speed=6358572)
 132.65| [1:0xffffb8050000]   132093 ms: Scavenge 1009.0 (1086.3) -> 1001.5 (1110.1) MB, pooled: 224 MB, 5.86 / 0.00 ms  (average mu = 0.981, current mu = 0.696) task; 
 132.65| [1:0xffffb8050000:0]   132093 ms: Young generation mutator utilization = 0.673 (mutator_speed=3072832, gc_speed=6318131)
 132.67| [1:0xffffb8050000]   132108 ms: Scavenge 1063.3 (1129.3) -> 1052.6 (1152.1) MB, pooled: 184 MB, 5.78 / 0.00 ms  (average mu = 0.981, current mu = 0.696) allocation failure; 
 132.67| [1:0xffffb8050000:0]   132108 ms: Young generation mutator utilization = 0.670 (mutator_speed=3171461, gc_speed=6438910)
 132.68| [1:0xffffb8050000]   132121 ms: Scavenge 1100.7 (1166.8) -> 1092.3 (1198.5) MB, pooled: 138 MB, 5.93 / 0.00 ms  (average mu = 0.981, current mu = 0.696) allocation failure; 
 132.68| [1:0xffffb8050000:0]   132121 ms: Young generation mutator utilization = 0.668 (mutator_speed=3262713, gc_speed=6559434)
 132.69| [1:0xffffb8050000]   132134 ms: Scavenge 1150.5 (1216.6) -> 1140.4 (1241.4) MB, pooled: 96 MB, 5.04 / 0.00 ms  (average mu = 0.981, current mu = 0.696) allocation failure; 
 132.69| [1:0xffffb8050000:0]   132134 ms: Young generation mutator utilization = 0.687 (mutator_speed=3373104, gc_speed=7391693)
 132.71| [1:0xffffb8050000]   132146 ms: Scavenge 1191.2 (1257.5) -> 1182.4 (1287.5) MB, pooled: 52 MB, 5.53 / 0.00 ms  (average mu = 0.981, current mu = 0.696) allocation failure; 
 132.71| [1:0xffffb8050000:0]   132146 ms: Young generation mutator utilization = 0.686 (mutator_speed=3462158, gc_speed=7562966)
 132.87| [1:0xffffb8050000]   132313 ms: Mark-Compact 1193.9 (1290.4) -> 327.8 (483.0) MB, pooled: 836 MB, 7.00 / 0.00 ms  (+ 156.3 ms in 44 steps since start of marking, biggest step 30.6 ms, walltime since start of marking 166 ms) (average mu = 0.962, current mu = 0.681) finalize incremental marking via stack guard; GC in old space requested
 132.94| [1:0xffffb8050000]   132378 ms: Scavenge (interleaved) 421.8 (489.1) -> 405.7 (489.1) MB, pooled: 832 MB, 50.14 / 0.00 ms  (average mu = 0.962, current mu = 0.681) allocation failure; 
 132.94| [1:0xffffb8050000:0]   132378 ms: Young generation mutator utilization = 0.760 (mutator_speed=1504657, gc_speed=4760700)
 132.95| [1:0xffffb8050000]   132389 ms: Scavenge 413.6 (491.6) -> 412.2 (538.8) MB, pooled: 782 MB, 9.76 / 0.00 ms  (average mu = 0.962, current mu = 0.681) task; 
 132.95| [1:0xffffb8050000:0]   132389 ms: Young generation mutator utilization = 0.749 (mutator_speed=1530636, gc_speed=4572499)
 132.97| [1:0xffffb8050000]   132406 ms: Scavenge 500.3 (566.3) -> 485.0 (570.8) MB, pooled: 752 MB, 5.49 / 0.00 ms  (average mu = 0.962, current mu = 0.681) allocation failure; 
 132.97| [1:0xffffb8050000:0]   132406 ms: Young generation mutator utilization = 0.715 (mutator_speed=1825174, gc_speed=4574172)
 132.98| [1:0xffffb8050000]   132416 ms: Scavenge 513.5 (579.7) -> 508.5 (624.7) MB, pooled: 698 MB, 5.85 / 0.00 ms  (average mu = 0.962, current mu = 0.681) allocation failure; 
 132.98| [1:0xffffb8050000:0]   132416 ms: Young generation mutator utilization = 0.708 (mutator_speed=1915119, gc_speed=4645504)
 132.99| [1:0xffffb8050000]   132430 ms: Scavenge 581.4 (647.6) -> 568.8 (662.1) MB, pooled: 662 MB, 4.63 / 0.00 ms  (average mu = 0.962, current mu = 0.681) allocation failure; 
 132.99| [1:0xffffb8050000:0]   132430 ms: Young generation mutator utilization = 0.715 (mutator_speed=2141169, gc_speed=5362618)
 133.00| [1:0xffffb8050000]   132442 ms: Scavenge 608.5 (674.6) -> 601.7 (711.9) MB, pooled: 614 MB, 6.27 / 0.00 ms  (average mu = 0.962, current mu = 0.681) allocation failure; 
 133.00| [1:0xffffb8050000:0]   132442 ms: Young generation mutator utilization = 0.708 (mutator_speed=2252375, gc_speed=5461635)
 133.02| [1:0xffffb8050000]   132456 ms: Scavenge 666.1 (732.1) -> 654.9 (752.9) MB, pooled: 574 MB, 5.23 / 0.00 ms  (average mu = 0.962, current mu = 0.681) allocation failure; 
 133.02| [1:0xffffb8050000:0]   132456 ms: Young generation mutator utilization = 0.693 (mutator_speed=2431520, gc_speed=5486100)
 133.04| [1:0xffffb8050000]   132477 ms: Scavenge 700.9 (766.9) -> 692.9 (799.6) MB, pooled: 528 MB, 14.73 / 0.00 ms  (average mu = 0.962, current mu = 0.681) allocation failure; 
 133.04| [1:0xffffb8050000:0]   132477 ms: Young generation mutator utilization = 0.665 (mutator_speed=2543065, gc_speed=5059405)
 133.05| [1:0xffffb8050000]   132491 ms: Scavenge 752.7 (818.9) -> 742.4 (842.6) MB, pooled: 486 MB, 5.55 / 0.00 ms  (average mu = 0.962, current mu = 0.681) allocation failure; 
 133.05| [1:0xffffb8050000:0]   132491 ms: Young generation mutator utilization = 0.652 (mutator_speed=2693654, gc_speed=5035981)
 133.06| [1:0xffffb8050000]   132503 ms: Scavenge 791.9 (858.1) -> 783.3 (888.8) MB, pooled: 441 MB, 5.37 / 0.00 ms  (average mu = 0.962, current mu = 0.681) allocation failure; 
 133.06| [1:0xffffb8050000:0]   132503 ms: Young generation mutator utilization = 0.642 (mutator_speed=2809021, gc_speed=5043274)
 133.07| [1:0xffffb8050000]   132516 ms: Scavenge 840.5 (906.7) -> 830.5 (932.4) MB, pooled: 398 MB, 5.16 / 0.00 ms  (average mu = 0.962, current mu = 0.681) allocation failure; 
 133.07| [1:0xffffb8050000:0]   132516 ms: Young generation mutator utilization = 0.742 (mutator_speed=2942208, gc_speed=8461880)
 133.09| [1:0xffffb8050000]   132527 ms: Scavenge 882.0 (948.1) -> 873.1 (977.6) MB, pooled: 354 MB, 5.19 / 0.00 ms  (average mu = 0.962, current mu = 0.681) allocation failure; 
 133.09| [1:0xffffb8050000:0]   132528 ms: Young generation mutator utilization = 0.749 (mutator_speed=3057264, gc_speed=9137698)
 133.10| [1:0xffffb8050000]   132540 ms: Scavenge 928.8 (995.0) -> 919.2 (1021.5) MB, pooled: 311 MB, 5.32 / 0.00 ms  (average mu = 0.962, current mu = 0.681) allocation failure; 
 133.10| [1:0xffffb8050000:0]   132540 ms: Young generation mutator utilization = 0.745 (mutator_speed=3168979, gc_speed=9245174)
 133.11| [1:0xffffb8050000]   132552 ms: Scavenge 971.7 (1037.8) -> 962.6 (1066.3) MB, pooled: 268 MB, 5.18 / 0.00 ms  (average mu = 0.962, current mu = 0.681) allocation failure; 
 133.11| [1:0xffffb8050000:0]   132552 ms: Young generation mutator utilization = 0.739 (mutator_speed=3276348, gc_speed=9282584)
 133.14| [1:0xffffb8050000]   132579 ms: Scavenge 1017.4 (1083.5) -> 1007.9 (1110.5) MB, pooled: 224 MB, 19.81 / 0.00 ms  (average mu = 0.962, current mu = 0.681) allocation failure; 
 133.14| [1:0xffffb8050000:0]   132580 ms: Young generation mutator utilization = 0.690 (mutator_speed=3379076, gc_speed=7508319)
 133.15| [1:0xffffb8050000]   132592 ms: Scavenge 1061.1 (1127.3) -> 1051.9 (1155.8) MB, pooled: 180 MB, 5.65 / 0.00 ms  (average mu = 0.962, current mu = 0.681) allocation failure; 
 133.15| [1:0xffffb8050000:0]   132592 ms: Young generation mutator utilization = 0.685 (mutator_speed=3469776, gc_speed=7541702)
 133.16| [1:0xffffb8050000]   132605 ms: Scavenge 1106.4 (1172.7) -> 1097.1 (1199.9) MB, pooled: 137 MB, 5.71 / 0.00 ms  (average mu = 0.962, current mu = 0.681) allocation failure; 
 133.16| [1:0xffffb8050000:0]   132605 ms: Young generation mutator utilization = 0.679 (mutator_speed=3560043, gc_speed=7517433)
 133.18| [1:0xffffb8050000]   132619 ms: Scavenge 1150.4 (1216.6) -> 1141.1 (1244.6) MB, pooled: 93 MB, 6.66 / 0.00 ms  (average mu = 0.962, current mu = 0.681) allocation failure; 
 133.18| [1:0xffffb8050000:0]   132619 ms: Young generation mutator utilization = 0.697 (mutator_speed=3640480, gc_speed=8372267)
 133.19| [1:0xffffb8050000]   132633 ms: Scavenge 1195.4 (1261.7) -> 1186.0 (1289.2) MB, pooled: 50 MB, 6.44 / 0.00 ms  (average mu = 0.962, current mu = 0.681) allocation failure; 
 133.19| [1:0xffffb8050000:0]   132633 ms: Young generation mutator utilization = 0.690 (mutator_speed=3722788, gc_speed=8278243)
 133.21| [1:0xffffb8050000]   132647 ms: Scavenge 1239.7 (1306.1) -> 1230.4 (1334.1) MB, pooled: 6 MB, 6.33 / 0.00 ms  (average mu = 0.962, current mu = 0.681) allocation failure; 
 133.21| [1:0xffffb8050000:0]   132647 ms: Young generation mutator utilization = 0.682 (mutator_speed=3799234, gc_speed=8159161)
 133.38| [1:0xffffb8050000]   132815 ms: Mark-Compact 1234.1 (1335.3) -> 329.1 (489.5) MB, pooled: 830 MB, 7.06 / 0.00 ms  (+ 159.1 ms in 45 steps since start of marking, biggest step 40.6 ms, walltime since start of marking 168 ms) (average mu = 0.931, current mu = 0.669) finalize incremental marking via stack guard; GC in old space requested
 133.44| [1:0xffffb8050000]   132879 ms: Scavenge (interleaved) 423.1 (492.3) -> 407.0 (492.3) MB, pooled: 828 MB, 49.31 / 0.00 ms  (average mu = 0.931, current mu = 0.669) allocation failure; 
 133.44| [1:0xffffb8050000:0]   132879 ms: Young generation mutator utilization = 0.760 (mutator_speed=1577590, gc_speed=4992728)
 133.45| [1:0xffffb8050000]   132887 ms: Scavenge 413.4 (492.3) -> 412.2 (538.8) MB, pooled: 782 MB, 7.04 / 0.00 ms  (average mu = 0.931, current mu = 0.669) task; 
 133.45| [1:0xffffb8050000:0]   132887 ms: Young generation mutator utilization = 0.753 (mutator_speed=1597951, gc_speed=4870256)
 133.46| [1:0xffffb8050000]   132904 ms: Scavenge 501.6 (567.2) -> 486.1 (570.7) MB, pooled: 752 MB, 4.79 / 0.00 ms  (average mu = 0.931, current mu = 0.669) allocation failure; 
 133.46| [1:0xffffb8050000:0]   132904 ms: Young generation mutator utilization = 0.720 (mutator_speed=1889567, gc_speed=4846972)
 133.47| [1:0xffffb8050000]   132914 ms: Scavenge 513.6 (579.4) -> 508.8 (624.9) MB, pooled: 698 MB, 5.96 / 0.00 ms  (average mu = 0.931, current mu = 0.669) allocation failure; 
 133.47| [1:0xffffb8050000:0]   132914 ms: Young generation mutator utilization = 0.711 (mutator_speed=1973975, gc_speed=4847791)
 133.49| [1:0xffffb8050000]   132928 ms: Scavenge 582.3 (648.1) -> 569.6 (662.1) MB, pooled: 662 MB, 4.76 / 0.00 ms  (average mu = 0.931, current mu = 0.669) allocation failure; 
 133.49| [1:0xffffb8050000:0]   132928 ms: Young generation mutator utilization = 0.716 (mutator_speed=2192390, gc_speed=5530152)
 133.50| [1:0xffffb8050000]   132939 ms: Scavenge 608.9 (674.6) -> 602.0 (712.4) MB, pooled: 613 MB, 5.45 / 0.00 ms  (average mu = 0.931, current mu = 0.669) allocation failure; 
 133.50| [1:0xffffb8050000:0]   132939 ms: Young generation mutator utilization = 0.707 (mutator_speed=2301834, gc_speed=5561954)
 133.51| [1:0xffffb8050000]   132953 ms: Scavenge 666.9 (732.6) -> 655.7 (753.1) MB, pooled: 574 MB, 4.91 / 0.00 ms  (average mu = 0.931, current mu = 0.669) allocation failure; 
 133.51| [1:0xffffb8050000:0]   132953 ms: Young generation mutator utilization = 0.693 (mutator_speed=2474054, gc_speed=5588348)
 133.55| [1:0xffffb8050000]   132987 ms: Scavenge 701.3 (767.1) -> 693.4 (800.1) MB, pooled: 527 MB, 6.17 / 0.00 ms  (average mu = 0.931, current mu = 0.669) allocation failure; 
 133.55| [1:0xffffb8050000:0]   132987 ms: Young generation mutator utilization = 0.715 (mutator_speed=2248543, gc_speed=5627515)
 133.56| [1:0xffffb8050000]   133001 ms: Scavenge 753.4 (819.1) -> 743.1 (842.6) MB, pooled: 486 MB, 5.67 / 0.00 ms  (average mu = 0.931, current mu = 0.669) allocation failure; 
 133.56| [1:0xffffb8050000:0]   133001 ms: Young generation mutator utilization = 0.702 (mutator_speed=2406216, gc_speed=5662101)
 133.57| [1:0xffffb8050000]   133014 ms: Scavenge 792.4 (858.1) -> 783.9 (888.8) MB, pooled: 441 MB, 6.26 / 0.00 ms  (average mu = 0.931, current mu = 0.669) allocation failure; 
 133.57| [1:0xffffb8050000:0]   133014 ms: Young generation mutator utilization = 0.691 (mutator_speed=2534304, gc_speed=5671889)
 133.59| [1:0xffffb8050000]   133027 ms: Scavenge 841.1 (906.9) -> 831.1 (932.2) MB, pooled: 398 MB, 5.05 / 0.00 ms  (average mu = 0.931, current mu = 0.669) allocation failure; 
 133.59| [1:0xffffb8050000:0]   133027 ms: Young generation mutator utilization = 0.793 (mutator_speed=2681540, gc_speed=10251012)
 133.60| [1:0xffffb8050000]   133039 ms: Scavenge 882.5 (948.4) -> 873.6 (977.6) MB, pooled: 354 MB, 5.30 / 0.00 ms  (average mu = 0.931, current mu = 0.669) allocation failure; 
 133.60| [1:0xffffb8050000:0]   133039 ms: Young generation mutator utilization = 0.792 (mutator_speed=2803367, gc_speed=10674346)
 133.61| [1:0xffffb8050000]   133052 ms: Scavenge 929.4 (995.2) -> 919.7 (1022.2) MB, pooled: 310 MB, 5.21 / 0.00 ms  (average mu = 0.931, current mu = 0.669) allocation failure; 
 133.61| [1:0xffffb8050000:0]   133052 ms: Young generation mutator utilization = 0.785 (mutator_speed=2930688, gc_speed=10688862)
 133.64| [1:0xffffb8050000]   133077 ms: Scavenge 972.3 (1038.3) -> 963.2 (1066.8) MB, pooled: 267 MB, 18.34 / 0.00 ms  (average mu = 0.931, current mu = 0.669) allocation failure; 
 133.64| [1:0xffffb8050000:0]   133077 ms: Young generation mutator utilization = 0.740 (mutator_speed=3043554, gc_speed=8660708)
 133.65| [1:0xffffb8050000]   133090 ms: Scavenge 1018.2 (1084.1) -> 1008.7 (1111.1) MB, pooled: 224 MB, 5.41 / 0.00 ms  (average mu = 0.931, current mu = 0.669) allocation failure; 
 133.65| [1:0xffffb8050000:0]   133090 ms: Young generation mutator utilization = 0.732 (mutator_speed=3155254, gc_speed=8622908)
 133.66| [1:0xffffb8050000]   133103 ms: Scavenge 1061.7 (1127.6) -> 1052.5 (1155.8) MB, pooled: 180 MB, 6.02 / 0.00 ms  (average mu = 0.931, current mu = 0.669) allocation failure; 
 133.66| [1:0xffffb8050000:0]   133103 ms: Young generation mutator utilization = 0.723 (mutator_speed=3264219, gc_speed=8516918)
 133.68| [1:0xffffb8050000]   133118 ms: Scavenge 1107.0 (1172.9) -> 1097.5 (1200.7) MB, pooled: 136 MB, 7.59 / 0.00 ms  (average mu = 0.931, current mu = 0.669) allocation failure; 
 133.68| [1:0xffffb8050000:0]   133118 ms: Young generation mutator utilization = 0.710 (mutator_speed=3357781, gc_speed=8219867)
 133.69| [1:0xffffb8050000]   133132 ms: Scavenge 1151.0 (1216.9) -> 1141.7 (1245.1) MB, pooled: 93 MB, 6.78 / 0.00 ms  (average mu = 0.931, current mu = 0.669) allocation failure; 
 133.69| [1:0xffffb8050000:0]   133132 ms: Young generation mutator utilization = 0.702 (mutator_speed=3453435, gc_speed=8133510)
 133.71| [1:0xffffb8050000]   133147 ms: Scavenge 1196.0 (1262.0) -> 1186.6 (1289.7) MB, pooled: 49 MB, 7.75 / 0.00 ms  (average mu = 0.931, current mu = 0.669) allocation failure; 
 133.71| [1:0xffffb8050000:0]   133147 ms: Young generation mutator utilization = 0.691 (mutator_speed=3543558, gc_speed=7916289)
 133.87| [1:0xffffb8050000]   133307 ms: Mark-Compact 1189.6 (1290.1) -> 325.0 (483.0) MB, pooled: 836 MB, 158.31 / 0.00 ms  (+ 0.1 ms in 2 steps since start of marking, biggest step 0.1 ms, walltime since start of marking 160 ms) (average mu = 0.887, current mu = 0.678) finalize incremental marking via stack guard; GC in old space requested
 133.89| [1:0xffffb8050000]   133331 ms: Scavenge (interleaved) 418.9 (484.7) -> 402.7 (484.7) MB, pooled: 836 MB, 6.64 / 0.00 ms  (average mu = 0.887, current mu = 0.678) allocation failure; 
 133.89| [1:0xffffb8050000:0]   133331 ms: Young generation mutator utilization = 0.685 (mutator_speed=3570119, gc_speed=7778573)
 133.94| [1:0xffffb8050000]   133380 ms: Scavenge 426.5 (492.4) -> 422.4 (540.1) MB, pooled: 781 MB, 45.35 / 0.00 ms  (average mu = 0.887, current mu = 0.678) allocation failure; 
 133.94| [1:0xffffb8050000:0]   133380 ms: Young generation mutator utilization = 0.586 (mutator_speed=3594198, gc_speed=5085723)
 133.94| [133.4s] idle rss=1390.0MB heapTotal=540.9MB heapUsed=426.3MB
 133.96| [1:0xffffb8050000]   133396 ms: Scavenge 498.6 (564.3) -> 485.4 (576.6) MB, pooled: 746 MB, 5.51 / 0.00 ms  (average mu = 0.887, current mu = 0.678) allocation failure; 
 133.96| [1:0xffffb8050000:0]   133396 ms: Young generation mutator utilization = 0.577 (mutator_speed=3702565, gc_speed=5041034)
 133.97| [1:0xffffb8050000]   133409 ms: Scavenge 522.6 (588.3) -> 516.1 (627.6) MB, pooled: 696 MB, 8.26 / 0.00 ms  (average mu = 0.887, current mu = 0.678) allocation failure; 
 133.97| [1:0xffffb8050000:0]   133409 ms: Young generation mutator utilization = 0.568 (mutator_speed=3747053, gc_speed=4936060)
 133.99| [1:0xffffb8050000]   133427 ms: Scavenge 582.5 (648.1) -> 571.1 (667.3) MB, pooled: 657 MB, 7.62 / 0.00 ms  (average mu = 0.887, current mu = 0.678) allocation failure; 
 133.99| [1:0xffffb8050000:0]   133427 ms: Young generation mutator utilization = 0.587 (mutator_speed=3804689, gc_speed=5408839)
 134.00| [1:0xffffb8050000]   133442 ms: Scavenge 615.7 (681.3) -> 607.9 (715.5) MB, pooled: 610 MB, 7.32 / 0.00 ms  (average mu = 0.887, current mu = 0.678) allocation failure; 
 134.00| [1:0xffffb8050000:0]   133442 ms: Young generation mutator utilization = 0.582 (mutator_speed=3830172, gc_speed=5329692)
 134.04| [1:0xffffb8050000]   133477 ms: Scavenge 668.8 (734.4) -> 658.2 (757.4) MB, pooled: 569 MB, 26.46 / 0.00 ms  (average mu = 0.887, current mu = 0.678) allocation failure; 
 134.04| [1:0xffffb8050000:0]   133477 ms: Young generation mutator utilization = 0.534 (mutator_speed=3910235, gc_speed=4477576)
 134.05| [1:0xffffb8050000]   133490 ms: Scavenge 707.0 (772.6) -> 698.5 (804.1) MB, pooled: 524 MB, 6.43 / 0.00 ms  (average mu = 0.887, current mu = 0.678) allocation failure; 
 134.05| [1:0xffffb8050000:0]   133490 ms: Young generation mutator utilization = 0.533 (mutator_speed=3971203, gc_speed=4525003)
 134.06| [1:0xffffb8050000]   133503 ms: Scavenge 756.2 (821.9) -> 746.3 (847.1) MB, pooled: 482 MB, 5.54 / 0.00 ms  (average mu = 0.887, current mu = 0.678) allocation failure; 
 134.06| [1:0xffffb8050000:0]   133503 ms: Young generation mutator utilization = 0.530 (mutator_speed=4043637, gc_speed=4564193)
 134.08| [1:0xffffb8050000]   133517 ms: Scavenge 797.4 (863.0) -> 788.5 (892.7) MB, pooled: 437 MB, 5.83 / 0.00 ms  (average mu = 0.887, current mu = 0.678) allocation failure; 
 134.08| [1:0xffffb8050000:0]   133517 ms: Young generation mutator utilization = 0.533 (mutator_speed=4065327, gc_speed=4638794)
 134.09| [1:0xffffb8050000]   133531 ms: Scavenge 844.6 (910.3) -> 834.9 (936.6) MB, pooled: 394 MB, 6.17 / 0.00 ms  (average mu = 0.887, current mu = 0.678) allocation failure; 
 134.09| [1:0xffffb8050000:0]   133531 ms: Young generation mutator utilization = 0.532 (mutator_speed=4132080, gc_speed=4705639)
 134.10| [1:0xffffb8050000]   133544 ms: Scavenge 887.1 (952.8) -> 878.0 (981.8) MB, pooled: 350 MB, 6.72 / 0.00 ms  (average mu = 0.887, current mu = 0.678) allocation failure; 
 134.10| [1:0xffffb8050000:0]   133545 ms: Young generation mutator utilization = 0.618 (mutator_speed=4182785, gc_speed=6767735)
 134.12| [1:0xffffb8050000]   133557 ms: Scavenge 933.1 (998.9) -> 923.6 (1026.1) MB, pooled: 307 MB, 5.63 / 0.00 ms  (average mu = 0.887, current mu = 0.678) allocation failure; 
 134.12| [1:0xffffb8050000:0]   133557 ms: Young generation mutator utilization = 0.616 (mutator_speed=4242721, gc_speed=6799852)
 134.14| [1:0xffffb8050000]   133579 ms: Scavenge 976.5 (1042.3) -> 967.4 (1070.8) MB, pooled: 263 MB, 14.47 / 0.00 ms  (average mu = 0.887, current mu = 0.678) allocation failure; 
 134.14| [1:0xffffb8050000:0]   133579 ms: Young generation mutator utilization = 0.595 (mutator_speed=4301519, gc_speed=6312939)
 134.15| [1:0xffffb8050000]   133593 ms: Scavenge 1022.0 (1087.9) -> 1012.5 (1115.1) MB, pooled: 220 MB, 6.72 / 0.00 ms  (average mu = 0.887, current mu = 0.678) allocation failure; 
 134.15| [1:0xffffb8050000:0]   133593 ms: Young generation mutator utilization = 0.595 (mutator_speed=4357239, gc_speed=6396159)
 134.17| [1:0xffffb8050000]   133606 ms: Scavenge 1065.9 (1131.7) -> 1056.7 (1160.0) MB, pooled: 176 MB, 6.42 / 0.00 ms  (average mu = 0.887, current mu = 0.678) allocation failure; 
 134.17| [1:0xffffb8050000:0]   133606 ms: Young generation mutator utilization = 0.594 (mutator_speed=4406902, gc_speed=6443134)
 134.18| [1:0xffffb8050000]   133620 ms: Scavenge 1110.9 (1176.7) -> 1101.4 (1204.2) MB, pooled: 133 MB, 6.65 / 0.00 ms  (average mu = 0.887, current mu = 0.678) allocation failure; 
 134.18| [1:0xffffb8050000:0]   133620 ms: Young generation mutator utilization = 0.650 (mutator_speed=4449890, gc_speed=8265458)
 134.19| [1:0xffffb8050000]   133633 ms: Scavenge 1155.1 (1221.0) -> 1145.9 (1249.0) MB, pooled: 89 MB, 6.38 / 0.00 ms  (average mu = 0.887, current mu = 0.678) allocation failure; 
 134.19| [1:0xffffb8050000:0]   133633 ms: Young generation mutator utilization = 0.648 (mutator_speed=4495412, gc_speed=8261900)
 134.21| [1:0xffffb8050000]   133647 ms: Scavenge 1200.0 (1265.9) -> 1190.6 (1293.4) MB, pooled: 46 MB, 6.49 / 0.00 ms  (average mu = 0.887, current mu = 0.678) allocation failure; 
 134.21| [1:0xffffb8050000:0]   133647 ms: Young generation mutator utilization = 0.643 (mutator_speed=4537913, gc_speed=8161599)
 134.23| [1:0xffffb8050000]   133669 ms: Scavenge 1244.3 (1310.3) -> 1235.0 (1338.1) MB, pooled: 2 MB, 15.19 / 0.00 ms  (average mu = 0.887, current mu = 0.678) allocation failure; 
 134.23| [1:0xffffb8050000:0]   133669 ms: Young generation mutator utilization = 0.611 (mutator_speed=4582173, gc_speed=7209164)
 134.38| [1:0xffffb8050000]   133821 ms: Mark-Compact 1237.1 (1338.7) -> 332.4 (488.9) MB, pooled: 830 MB, 7.24 / 0.00 ms  (+ 142.8 ms in 26 steps since start of marking, biggest step 35.9 ms, walltime since start of marking 152 ms) (average mu = 0.839, current mu = 0.708) finalize incremental marking via stack guard; GC in old space requested
 134.44| [1:0xffffb8050000]   133881 ms: Scavenge (interleaved) 426.4 (492.3) -> 410.2 (492.3) MB, pooled: 828 MB, 44.73 / 0.00 ms  (average mu = 0.839, current mu = 0.708) allocation failure; 
 134.55| [1:0xffffb8050000:0]   133881 ms: Young generation mutator utilization = 0.711 (mutator_speed=1967278, gc_speed=4829584)
 134.55| [1:0xffffb8050000]   133892 ms: Scavenge 434.0 (499.8) -> 429.8 (547.6) MB, pooled: 774 MB, 7.44 / 0.00 ms  (average mu = 0.839, current mu = 0.708) allocation failure; 
 134.55| [1:0xffffb8050000:0]   133892 ms: Young generation mutator utilization = 0.704 (mutator_speed=2030855, gc_speed=4839617)
 134.55| [1:0xffffb8050000]   133907 ms: Scavenge 506.3 (571.9) -> 493.0 (584.4) MB, pooled: 738 MB, 5.27 / 0.00 ms  (average mu = 0.839, current mu = 0.708) allocation failure; 
 134.55| [1:0xffffb8050000:0]   133907 ms: Young generation mutator utilization = 0.681 (mutator_speed=2261137, gc_speed=4825339)
 134.55| [1:0xffffb8050000]   133918 ms: Scavenge 530.1 (595.7) -> 523.7 (634.7) MB, pooled: 689 MB, 6.09 / 0.00 ms  (average mu = 0.839, current mu = 0.708) allocation failure; 
 134.55| [1:0xffffb8050000:0]   133918 ms: Young generation mutator utilization = 0.688 (mutator_speed=2367536, gc_speed=5210938)
 134.55| [1:0xffffb8050000]   133931 ms: Scavenge 590.0 (655.5) -> 578.5 (674.5) MB, pooled: 650 MB, 4.83 / 0.00 ms  (average mu = 0.839, current mu = 0.708) allocation failure; 
 134.55| [1:0xffffb8050000:0]   133931 ms: Young generation mutator utilization = 0.674 (mutator_speed=2552976, gc_speed=5283020)
 134.55| [1:0xffffb8050000]   133942 ms: Scavenge 623.2 (688.7) -> 615.4 (722.9) MB, pooled: 603 MB, 5.26 / 0.00 ms  (average mu = 0.839, current mu = 0.708) allocation failure; 
 134.55| [1:0xffffb8050000:0]   133942 ms: Young generation mutator utilization = 0.667 (mutator_speed=2667518, gc_speed=5353416)
 134.55| [1:0xffffb8050000]   133977 ms: Scavenge 676.2 (741.8) -> 665.7 (765.0) MB, pooled: 562 MB, 26.73 / 0.00 ms  (average mu = 0.839, current mu = 0.708) allocation failure; 
 134.55| [1:0xffffb8050000:0]   133977 ms: Young generation mutator utilization = 0.615 (mutator_speed=2817913, gc_speed=4508726)
 134.55| [1:0xffffb8050000]   133986 ms: Scavenge 699.3 (775.1) -> 693.4 (806.4) MB, pooled: 521 MB, 4.57 / 0.00 ms  (average mu = 0.839, current mu = 0.708) task; 
 134.55| [1:0xffffb8050000:0]   133986 ms: Young generation mutator utilization = 0.610 (mutator_speed=2889543, gc_speed=4512638)
 134.56| [1:0xffffb8050000]   134000 ms: Scavenge 762.5 (828.1) -> 750.5 (845.8) MB, pooled: 483 MB, 4.98 / 0.00 ms  (average mu = 0.839, current mu = 0.708) allocation failure; 
 134.56| [1:0xffffb8050000:0]   134000 ms: Young generation mutator utilization = 0.599 (mutator_speed=3043583, gc_speed=4547848)
 134.57| [1:0xffffb8050000]   134012 ms: Scavenge 793.2 (858.8) -> 785.8 (894.6) MB, pooled: 435 MB, 6.38 / 0.00 ms  (average mu = 0.839, current mu = 0.708) allocation failure; 
 134.57| [1:0xffffb8050000:0]   134012 ms: Young generation mutator utilization = 0.611 (mutator_speed=3130567, gc_speed=4908151)
 134.59| [1:0xffffb8050000]   134026 ms: Scavenge 848.1 (913.8) -> 837.3 (935.8) MB, pooled: 395 MB, 5.69 / 0.00 ms  (average mu = 0.839, current mu = 0.708) allocation failure; 
 134.59| [1:0xffffb8050000:0]   134026 ms: Young generation mutator utilization = 0.696 (mutator_speed=3253655, gc_speed=7456312)
 134.60| [1:0xffffb8050000]   134039 ms: Scavenge 885.0 (950.8) -> 876.8 (982.8) MB, pooled: 349 MB, 6.12 / 0.00 ms  (average mu = 0.839, current mu = 0.708) allocation failure; 
 134.60| [1:0xffffb8050000:0]   134039 ms: Young generation mutator utilization = 0.693 (mutator_speed=3343533, gc_speed=7536291)
 134.61| [1:0xffffb8050000]   134052 ms: Scavenge 935.2 (1001.1) -> 925.1 (1025.6) MB, pooled: 307 MB, 5.21 / 0.00 ms  (average mu = 0.839, current mu = 0.708) allocation failure; 
 134.61| [1:0xffffb8050000:0]   134052 ms: Young generation mutator utilization = 0.688 (mutator_speed=3443362, gc_speed=7578829)
 134.64| [1:0xffffb8050000]   134083 ms: Scavenge 975.6 (1041.3) -> 966.8 (1071.6) MB, pooled: 262 MB, 23.29 / 0.00 ms  (average mu = 0.839, current mu = 0.708) allocation failure; 
 134.64| [1:0xffffb8050000:0]   134083 ms: Young generation mutator utilization = 0.636 (mutator_speed=3523560, gc_speed=6156247)
 134.65| [1:0xffffb8050000]   134095 ms: Scavenge 1016.8 (1087.0) -> 1008.2 (1113.0) MB, pooled: 222 MB, 5.18 / 0.00 ms  (average mu = 0.839, current mu = 0.708) task; 
 134.65| [1:0xffffb8050000:0]   134095 ms: Young generation mutator utilization = 0.629 (mutator_speed=3598709, gc_speed=6112954)
 134.67| [1:0xffffb8050000]   134109 ms: Scavenge 1065.1 (1131.0) -> 1055.2 (1156.7) MB, pooled: 179 MB, 6.03 / 0.00 ms  (average mu = 0.839, current mu = 0.708) allocation failure; 
 134.67| [1:0xffffb8050000:0]   134109 ms: Young generation mutator utilization = 0.622 (mutator_speed=3679452, gc_speed=6042975)
 134.68| [1:0xffffb8050000]   134121 ms: Scavenge 1107.0 (1172.9) -> 1098.0 (1201.9) MB, pooled: 135 MB, 5.33 / 0.00 ms  (average mu = 0.839, current mu = 0.708) allocation failure; 
 134.68| [1:0xffffb8050000:0]   134121 ms: Young generation mutator utilization = 0.676 (mutator_speed=3753064, gc_speed=7839738)
 134.69| [1:0xffffb8050000]   134134 ms: Scavenge 1153.5 (1219.3) -> 1143.8 (1246.0) MB, pooled: 92 MB, 5.27 / 0.00 ms  (average mu = 0.839, current mu = 0.708) allocation failure; 
 134.69| [1:0xffffb8050000:0]   134134 ms: Young generation mutator utilization = 0.672 (mutator_speed=3832910, gc_speed=7864010)
 134.71| [1:0xffffb8050000]   134146 ms: Scavenge 1196.6 (1262.5) -> 1187.4 (1291.2) MB, pooled: 48 MB, 5.53 / 0.00 ms  (average mu = 0.839, current mu = 0.708) allocation failure; 
 134.71| [1:0xffffb8050000:0]   134146 ms: Young generation mutator utilization = 0.667 (mutator_speed=3905486, gc_speed=7839021)
 134.87| [1:0xffffb8050000]   134308 ms: Mark-Compact 1193.9 (1292.6) -> 328.7 (486.0) MB, pooled: 833 MB, 8.64 / 0.00 ms  (+ 149.9 ms in 57 steps since start of marking, biggest step 27.3 ms, walltime since start of marking 161 ms) (average mu = 0.784, current mu = 0.675) finalize incremental marking via stack guard; GC in old space requested
 134.89| [1:0xffffb8050000]   134335 ms: Scavenge 422.7 (489.3) -> 406.5 (489.3) MB, pooled: 832 MB, 5.95 / 0.00 ms  (average mu = 0.784, current mu = 0.675) allocation failure; 
 134.89| [1:0xffffb8050000:0]   134335 ms: Young generation mutator utilization = 0.828 (mutator_speed=1613463, gc_speed=7775179)
 134.94| [1:0xffffb8050000]   134381 ms: Scavenge 430.4 (496.8) -> 426.2 (544.3) MB, pooled: 777 MB, 42.01 / 0.00 ms  (average mu = 0.784, current mu = 0.675) allocation failure; 
 134.94| [1:0xffffb8050000:0]   134381 ms: Young generation mutator utilization = 0.757 (mutator_speed=1690858, gc_speed=5261877)
 134.96| [1:0xffffb8050000]   134402 ms: Scavenge 502.5 (568.2) -> 489.3 (580.5) MB, pooled: 742 MB, 7.31 / 0.00 ms  (average mu = 0.784, current mu = 0.675) allocation failure; 
 134.96| [1:0xffffb8050000:0]   134402 ms: Young generation mutator utilization = 0.732 (mutator_speed=1891104, gc_speed=5163084)
 134.97| [1:0xffffb8050000]   134414 ms: Scavenge 526.5 (592.2) -> 520.0 (631.2) MB, pooled: 692 MB, 6.12 / 0.00 ms  (average mu = 0.784, current mu = 0.675) allocation failure; 
 134.98| [1:0xffffb8050000:0]   134414 ms: Young generation mutator utilization = 0.720 (mutator_speed=2000716, gc_speed=5152934)
 134.99| [1:0xffffb8050000]   134429 ms: Scavenge 586.4 (652.2) -> 575.0 (671.2) MB, pooled: 654 MB, 5.55 / 0.00 ms  (average mu = 0.784, current mu = 0.675) allocation failure; 
 134.99| [1:0xffffb8050000:0]   134429 ms: Young generation mutator utilization = 0.735 (mutator_speed=2193646, gc_speed=6094819)
 135.00| [1:0xffffb8050000]   134442 ms: Scavenge 619.3 (685.0) -> 611.4 (719.0) MB, pooled: 606 MB, 6.75 / 0.00 ms  (average mu = 0.784, current mu = 0.675) allocation failure; 
 135.00| [1:0xffffb8050000:0]   134443 ms: Young generation mutator utilization = 0.724 (mutator_speed=2306790, gc_speed=6048740)
 135.02| [1:0xffffb8050000]   134456 ms: Scavenge 672.0 (737.8) -> 660.8 (760.5) MB, pooled: 566 MB, 5.12 / 0.00 ms  (average mu = 0.784, current mu = 0.675) allocation failure; 
 135.02| [1:0xffffb8050000:0]   134456 ms: Young generation mutator utilization = 0.711 (mutator_speed=2472553, gc_speed=6090227)
 135.04| [1:0xffffb8050000]   134478 ms: Scavenge 709.6 (775.3) -> 700.5 (806.6) MB, pooled: 521 MB, 15.56 / 0.00 ms  (average mu = 0.784, current mu = 0.675) allocation failure; 
 135.04| [1:0xffffb8050000:0]   134478 ms: Young generation mutator utilization = 0.679 (mutator_speed=2601396, gc_speed=5495315)
 135.05| [1:0xffffb8050000]   134492 ms: Scavenge 758.1 (823.9) -> 747.4 (849.1) MB, pooled: 480 MB, 5.64 / 0.00 ms  (average mu = 0.784, current mu = 0.675) allocation failure; 
 135.05| [1:0xffffb8050000:0]   134492 ms: Young generation mutator utilization = 0.667 (mutator_speed=2731728, gc_speed=5465946)
 135.06| [1:0xffffb8050000]   134506 ms: Scavenge 798.8 (864.7) -> 789.3 (894.0) MB, pooled: 436 MB, 6.14 / 0.00 ms  (average mu = 0.784, current mu = 0.675) allocation failure; 
 135.06| [1:0xffffb8050000:0]   134506 ms: Young generation mutator utilization = 0.656 (mutator_speed=2845533, gc_speed=5432654)
 135.08| [1:0xffffb8050000]   134519 ms: Scavenge 845.0 (910.9) -> 834.6 (936.7) MB, pooled: 394 MB, 5.95 / 0.00 ms  (average mu = 0.784, current mu = 0.675) allocation failure; 
 135.08| [1:0xffffb8050000:0]   134519 ms: Young generation mutator utilization = 0.649 (mutator_speed=2963043, gc_speed=5480468)
 135.09| [1:0xffffb8050000]   134532 ms: Scavenge 887.3 (953.0) -> 877.5 (981.5) MB, pooled: 350 MB, 5.60 / 0.00 ms  (average mu = 0.784, current mu = 0.675) allocation failure; 
 135.09| [1:0xffffb8050000:0]   134532 ms: Young generation mutator utilization = 0.728 (mutator_speed=3080974, gc_speed=8266399)
 135.10| [1:0xffffb8050000]   134545 ms: Scavenge 932.3 (998.2) -> 922.1 (1025.0) MB, pooled: 308 MB, 5.72 / 0.00 ms  (average mu = 0.784, current mu = 0.675) allocation failure; 
 135.10| [1:0xffffb8050000:0]   134545 ms: Young generation mutator utilization = 0.727 (mutator_speed=3193005, gc_speed=8497970)
 135.14| [1:0xffffb8050000]   134576 ms: Scavenge 975.4 (1041.3) -> 965.5 (1069.3) MB, pooled: 264 MB, 24.21 / 0.00 ms  (average mu = 0.784, current mu = 0.675) allocation failure; 
 135.14| [1:0xffffb8050000:0]   134576 ms: Young generation mutator utilization = 0.669 (mutator_speed=3306309, gc_speed=6677740)
 135.15| [1:0xffffb8050000]   134590 ms: Scavenge 1019.9 (1085.7) -> 1009.8 (1113.0) MB, pooled: 222 MB, 6.89 / 0.00 ms  (average mu = 0.784, current mu = 0.675) allocation failure; 
 135.15| [1:0xffffb8050000:0]   134590 ms: Young generation mutator utilization = 0.659 (mutator_speed=3411469, gc_speed=6589104)
 135.16| [1:0xffffb8050000]   134602 ms: Scavenge 1063.4 (1129.3) -> 1053.5 (1157.1) MB, pooled: 179 MB, 5.26 / 0.00 ms  (average mu = 0.784, current mu = 0.675) allocation failure; 
 135.16| [1:0xffffb8050000:0]   134602 ms: Young generation mutator utilization = 0.656 (mutator_speed=3508718, gc_speed=6682591)
 135.18| [1:0xffffb8050000]   134615 ms: Scavenge 1107.7 (1173.7) -> 1097.7 (1200.9) MB, pooled: 136 MB, 5.65 / 0.00 ms  (average mu = 0.784, current mu = 0.675) allocation failure; 
 135.18| [1:0xffffb8050000:0]   134615 ms: Young generation mutator utilization = 0.649 (mutator_speed=3605494, gc_speed=6655395)
 135.19| [1:0xffffb8050000]   134628 ms: Scavenge 1151.4 (1217.4) -> 1141.5 (1244.9) MB, pooled: 93 MB, 6.01 / 0.00 ms  (average mu = 0.784, current mu = 0.675) allocation failure; 
 135.19| [1:0xffffb8050000:0]   134628 ms: Young generation mutator utilization = 0.669 (mutator_speed=3696566, gc_speed=7469731)
 135.20| [1:0xffffb8050000]   134643 ms: Scavenge 1195.5 (1261.5) -> 1185.5 (1289.2) MB, pooled: 50 MB, 7.27 / 0.00 ms  (average mu = 0.784, current mu = 0.675) allocation failure; 
 135.20| [1:0xffffb8050000:0]   134643 ms: Young generation mutator utilization = 0.660 (mutator_speed=3773353, gc_speed=7323245)
 135.37| [1:0xffffb8050000]   134813 ms: Mark-Compact 1195.6 (1291.6) -> 328.4 (491.5) MB, pooled: 828 MB, 7.51 / 0.00 ms  (+ 159.6 ms in 34 steps since start of marking, biggest step 36.6 ms, walltime since start of marking 169 ms) (average mu = 0.737, current mu = 0.669) finalize incremental marking via stack guard; GC in old space requested
 135.44| [1:0xffffb8050000]   134876 ms: Scavenge 421.6 (493.7) -> 404.4 (493.7) MB, pooled: 827 MB, 46.42 / 0.00 ms  (average mu = 0.737, current mu = 0.669) allocation failure; 
 135.44| [1:0xffffb8050000:0]   134876 ms: Young generation mutator utilization = 0.754 (mutator_speed=1556571, gc_speed=4782307)
 135.45| [1:0xffffb8050000]   134887 ms: Scavenge 429.4 (496.9) -> 424.8 (542.6) MB, pooled: 778 MB, 7.11 / 0.00 ms  (average mu = 0.737, current mu = 0.669) allocation failure; 
 135.45| [1:0xffffb8050000:0]   134887 ms: Young generation mutator utilization = 0.745 (mutator_speed=1641021, gc_speed=4782624)
 135.46| [1:0xffffb8050000]   134901 ms: Scavenge 499.8 (565.6) -> 485.9 (578.3) MB, pooled: 744 MB, 4.88 / 0.00 ms  (average mu = 0.737, current mu = 0.669) allocation failure; 
 135.46| [1:0xffffb8050000:0]   134901 ms: Young generation mutator utilization = 0.716 (mutator_speed=1897657, gc_speed=4777705)
 135.47| [1:0xffffb8050000]   134912 ms: Scavenge 524.4 (590.3) -> 517.3 (628.1) MB, pooled: 695 MB, 5.70 / 0.00 ms  (average mu = 0.737, current mu = 0.669) allocation failure; 
 135.47| [1:0xffffb8050000:0]   134912 ms: Young generation mutator utilization = 0.704 (mutator_speed=2016633, gc_speed=4804122)
 135.49| [1:0xffffb8050000]   134926 ms: Scavenge 582.4 (648.3) -> 570.3 (667.8) MB, pooled: 657 MB, 4.96 / 0.00 ms  (average mu = 0.737, current mu = 0.669) allocation failure; 
 135.49| [1:0xffffb8050000:0]   134926 ms: Young generation mutator utilization = 0.721 (mutator_speed=2213448, gc_speed=5706084)
 135.50| [1:0xffffb8050000]   134937 ms: Scavenge 616.0 (681.9) -> 607.5 (715.1) MB, pooled: 610 MB, 5.30 / 0.00 ms  (average mu = 0.737, current mu = 0.669) allocation failure; 
 135.50| [1:0xffffb8050000:0]   134937 ms: Young generation mutator utilization = 0.712 (mutator_speed=2346298, gc_speed=5813377)
 135.51| [1:0xffffb8050000]   134950 ms: Scavenge 667.5 (733.4) -> 656.4 (757.1) MB, pooled: 570 MB, 5.21 / 0.00 ms  (average mu = 0.737, current mu = 0.669) allocation failure; 
 135.51| [1:0xffffb8050000:0]   134950 ms: Young generation mutator utilization = 0.698 (mutator_speed=2509786, gc_speed=5805816)
 135.54| [1:0xffffb8050000]   134979 ms: Scavenge 705.9 (771.8) -> 696.8 (802.6) MB, pooled: 525 MB, 22.45 / 0.00 ms  (average mu = 0.737, current mu = 0.669) allocation failure; 
 135.54| [1:0xffffb8050000:0]   134979 ms: Young generation mutator utilization = 0.653 (mutator_speed=2641092, gc_speed=4966631)
 135.55| [1:0xffffb8050000]   134992 ms: Scavenge 753.8 (819.7) -> 743.2 (845.0) MB, pooled: 484 MB, 5.65 / 0.00 ms  (average mu = 0.737, current mu = 0.669) allocation failure; 
 135.55| [1:0xffffb8050000:0]   134992 ms: Young generation mutator utilization = 0.641 (mutator_speed=2786453, gc_speed=4976406)
 135.56| [1:0xffffb8050000]   135004 ms: Scavenge 794.8 (860.8) -> 785.3 (889.8) MB, pooled: 440 MB, 5.21 / 0.00 ms  (average mu = 0.737, current mu = 0.669) allocation failure; 
 135.69| [1:0xffffb8050000:0]   135004 ms: Young generation mutator utilization = 0.635 (mutator_speed=2912279, gc_speed=5071727)
 135.69| [1:0xffffb8050000]   135016 ms: Scavenge 840.8 (906.8) -> 830.5 (933.3) MB, pooled: 397 MB, 4.99 / 0.00 ms  (average mu = 0.737, current mu = 0.669) allocation failure; 
 135.69| [1:0xffffb8050000:0]   135016 ms: Young generation mutator utilization = 0.727 (mutator_speed=3044767, gc_speed=8101632)
 135.69| [1:0xffffb8050000]   135028 ms: Scavenge 883.2 (949.4) -> 873.5 (977.4) MB, pooled: 354 MB, 5.07 / 0.00 ms  (average mu = 0.737, current mu = 0.669) allocation failure; 
 135.69| [1:0xffffb8050000:0]   135028 ms: Young generation mutator utilization = 0.723 (mutator_speed=3163357, gc_speed=8271149)
 135.69| [1:0xffffb8050000]   135041 ms: Scavenge 928.2 (994.3) -> 918.0 (1021.1) MB, pooled: 312 MB, 5.85 / 0.00 ms  (average mu = 0.737, current mu = 0.669) allocation failure; 
 135.69| [1:0xffffb8050000:0]   135041 ms: Young generation mutator utilization = 0.714 (mutator_speed=3279304, gc_speed=8205444)
 135.69| [1:0xffffb8050000]   135053 ms: Scavenge 971.4 (1037.4) -> 961.5 (1065.4) MB, pooled: 268 MB, 5.05 / 0.00 ms  (average mu = 0.737, current mu = 0.669) allocation failure; 
 135.69| [1:0xffffb8050000:0]   135053 ms: Young generation mutator utilization = 0.709 (mutator_speed=3387895, gc_speed=8245198)
 135.69| [1:0xffffb8050000]   135081 ms: Scavenge 1015.9 (1082.0) -> 1005.9 (1109.2) MB, pooled: 226 MB, 21.88 / 0.00 ms  (average mu = 0.737, current mu = 0.669) allocation failure; 
 135.69| [1:0xffffb8050000:0]   135081 ms: Young generation mutator utilization = 0.656 (mutator_speed=3495662, gc_speed=6657934)
 135.69| [1:0xffffb8050000]   135093 ms: Scavenge 1059.4 (1125.4) -> 1049.4 (1153.4) MB, pooled: 182 MB, 5.14 / 0.00 ms  (average mu = 0.737, current mu = 0.669) allocation failure; 
 135.69| [1:0xffffb8050000:0]   135093 ms: Young generation mutator utilization = 0.649 (mutator_speed=3596875, gc_speed=6654726)
 135.69| [1:0xffffb8050000]   135105 ms: Scavenge 1103.7 (1169.8) -> 1093.7 (1197.3) MB, pooled: 140 MB, 5.22 / 0.00 ms  (average mu = 0.737, current mu = 0.669) allocation failure; 
 135.69| [1:0xffffb8050000:0]   135105 ms: Young generation mutator utilization = 0.643 (mutator_speed=3694777, gc_speed=6665086)
 135.69| [1:0xffffb8050000]   135117 ms: Scavenge 1147.3 (1213.5) -> 1137.3 (1241.2) MB, pooled: 96 MB, 5.29 / 0.00 ms  (average mu = 0.737, current mu = 0.669) allocation failure; 
 135.69| [1:0xffffb8050000:0]   135117 ms: Young generation mutator utilization = 0.687 (mutator_speed=3783914, gc_speed=8301141)
 135.69| [1:0xffffb8050000]   135131 ms: Scavenge 1191.5 (1257.6) -> 1181.5 (1285.1) MB, pooled: 54 MB, 6.16 / 0.00 ms  (average mu = 0.737, current mu = 0.669) allocation failure; 
 135.69| [1:0xffffb8050000:0]   135131 ms: Young generation mutator utilization = 0.681 (mutator_speed=3864454, gc_speed=8252053)
 135.86| [1:0xffffb8050000]   135304 ms: Mark-Compact 1221.2 (1296.9) -> 346.1 (505.3) MB, pooled: 814 MB, 12.44 / 0.00 ms  (+ 151.1 ms in 302 steps since start of marking, biggest step 29.0 ms, walltime since start of marking 171 ms) (average mu = 0.706, current mu = 0.667) finalize incremental marking via stack guard; GC in old space requested
 135.86| [135.3s] reburst done chunks=1221 rss=1388.5MB heapTotal=505.3MB heapUsed=346.3MB
 135.94| [135.4s] idle rss=1388.5MB heapTotal=505.3MB heapUsed=346.4MB
 137.94| [137.4s] idle rss=1388.5MB heapTotal=505.3MB heapUsed=346.4MB
 138.87| [1:0xffffb8050000:0]   138306 ms: Young generation mutator utilization = 1.000 (mutator_speed=89, gc_speed=8252053)
 138.87| [1:0xffffb8050000:0]   138306 ms: Old generation mutator utilization = 0.985 (mutator_speed=16657, gc_speed=1104322)
 138.87| [1:0xffffb8050000:0]   138306 ms: Memory reducer: high alloc, foreground
 138.87| [1:0xffffb8050000:0]   138306 ms: Memory reducer: waiting for 8000 ms
 139.94| [139.4s] idle rss=1388.5MB heapTotal=505.3MB heapUsed=346.4MB
 141.95| [141.4s] idle rss=1388.5MB heapTotal=505.3MB heapUsed=346.4MB
 143.95| [143.4s] idle rss=1388.5MB heapTotal=505.3MB heapUsed=346.4MB
 145.95| [145.4s] idle rss=1388.5MB heapTotal=505.3MB heapUsed=346.4MB
 146.97| [1:0xffffb8050000:0]   146412 ms: Young generation mutator utilization = 1.000 (mutator_speed=1, gc_speed=8252053)
 146.97| [1:0xffffb8050000:0]   146412 ms: Old generation mutator utilization = 1.000 (mutator_speed=0, gc_speed=1104322)
 146.97| [1:0xffffb8050000:0]   146412 ms: Embedder mutator utilization = 1.000 (mutator_speed=0, gc_speed=1)
 146.97| [1:0xffffb8050000:0]   146412 ms: Memory reducer: low alloc, foreground
 146.97| [1:0xffffb8050000:0]   146412 ms: Memory reducer: started GC #1
 147.02| [1:0xffffb8050000:0]   146454 ms: Memory reducer: finished GC #1 (will do more)
 147.02| [1:0xffffb8050000]   146454 ms: Mark-Compact (reduce) 346.4 (505.3) -> 3.1 (5.8) MB, pooled: 0 MB, 37.28 / 0.00 ms  (+ 0.3 ms in 1 steps since start of marking, biggest step 0.3 ms, walltime since start of marking 38 ms) (average mu = 0.983, current mu = 0.997) finalize incremental marking via task; GC in old space requested
 147.62| [1:0xffffb8050000:0]   147057 ms: Young generation mutator utilization = 1.000 (mutator_speed=1, gc_speed=8252053)
 147.62| [1:0xffffb8050000:0]   147057 ms: Old generation mutator utilization = 1.000 (mutator_speed=0, gc_speed=873704)
 147.62| [1:0xffffb8050000:0]   147057 ms: Embedder mutator utilization = 1.000 (mutator_speed=0, gc_speed=1)
 147.62| [1:0xffffb8050000:0]   147057 ms: Memory reducer: low alloc, foreground
 147.62| [1:0xffffb8050000:0]   147057 ms: Memory reducer: started GC #2
 147.62| [1:0xffffb8050000:0]   147060 ms: Memory reducer: finished GC #2 (done)
 147.62| [1:0xffffb8050000]   147060 ms: Mark-Compact (reduce) 3.1 (5.8) -> 3.1 (5.3) MB, pooled: 0 MB, 0.93 / 0.00 ms  (+ 0.5 ms in 24 steps since start of marking, biggest step 0.1 ms, walltime since start of marking 3 ms) (average mu = 0.984, current mu = 0.998) finalize incremental marking via task; GC in old space requested
 147.95| [147.4s] idle rss=67.7MB heapTotal=5.3MB heapUsed=3.1MB
 149.95| [149.4s] idle rss=67.7MB heapTotal=5.3MB heapUsed=3.1MB
 151.96| [151.4s] idle rss=67.7MB heapTotal=5.3MB heapUsed=3.1MB
 153.96| [153.4s] idle rss=67.7MB heapTotal=5.3MB heapUsed=3.1MB
 155.96| [155.4s] idle rss=68.0MB heapTotal=5.3MB heapUsed=3.1MB
 157.97| [157.4s] idle rss=68.0MB heapTotal=5.3MB heapUsed=3.1MB
 159.97| [159.4s] idle rss=68.0MB heapTotal=5.3MB heapUsed=3.1MB
 161.97| [161.4s] idle rss=68.0MB heapTotal=5.3MB heapUsed=3.1MB
 163.97| [163.4s] idle rss=68.0MB heapTotal=5.3MB heapUsed=3.1MB
 165.97| [165.4s] idle rss=68.0MB heapTotal=5.3MB heapUsed=3.1MB
 167.98| [167.4s] idle rss=68.0MB heapTotal=5.3MB heapUsed=3.1MB
 169.98| [169.4s] idle rss=68.0MB heapTotal=5.3MB heapUsed=3.1MB
 171.98| [171.4s] idle rss=68.0MB heapTotal=5.3MB heapUsed=3.1MB
 173.99| [173.4s] idle rss=65.5MB heapTotal=5.3MB heapUsed=3.1MB
 175.99| [175.4s] idle rss=66.2MB heapTotal=5.3MB heapUsed=3.1MB
 177.99| [177.4s] idle rss=66.2MB heapTotal=5.3MB heapUsed=3.1MB
 180.00| [179.4s] idle rss=66.2MB heapTotal=5.3MB heapUsed=3.1MB
 182.00| [181.4s] idle rss=66.2MB heapTotal=5.3MB heapUsed=3.1MB
 184.00| [183.4s] idle rss=66.2MB heapTotal=5.3MB heapUsed=3.2MB
 186.01| [185.4s] idle rss=66.6MB heapTotal=5.3MB heapUsed=3.2MB
 188.01| [187.4s] idle rss=66.6MB heapTotal=5.3MB heapUsed=3.2MB
 190.02| [189.4s] idle rss=66.6MB heapTotal=5.3MB heapUsed=3.2MB
 192.02| [191.4s] idle rss=66.6MB heapTotal=5.3MB heapUsed=3.2MB
 194.02| [193.4s] idle rss=66.6MB heapTotal=5.3MB heapUsed=3.2MB
 196.03| [195.4s] idle rss=66.6MB heapTotal=5.3MB heapUsed=3.2MB
 198.03| [197.4s] idle rss=66.6MB heapTotal=5.3MB heapUsed=3.2MB
 200.03| [199.4s] idle rss=66.6MB heapTotal=5.3MB heapUsed=3.2MB
 202.03| [201.4s] idle rss=66.6MB heapTotal=5.3MB heapUsed=3.2MB
 204.03| [203.4s] idle rss=66.6MB heapTotal=5.3MB heapUsed=3.2MB
 206.04| [205.5s] idle rss=66.6MB heapTotal=5.3MB heapUsed=3.2MB
 208.04| [207.5s] idle rss=66.6MB heapTotal=5.3MB heapUsed=3.2MB
 210.05| [209.5s] idle rss=66.6MB heapTotal=5.3MB heapUsed=3.2MB
 212.05| [211.5s] idle rss=66.6MB heapTotal=5.3MB heapUsed=3.2MB
 214.06| [213.5s] idle rss=66.6MB heapTotal=5.3MB heapUsed=3.2MB
 216.07| [215.5s] idle rss=66.6MB heapTotal=5.3MB heapUsed=3.2MB
 216.07| [215.5s] end rss=67.6MB heapTotal=5.3MB heapUsed=3.2MB
