   0.95| [0.0s] start node=v26.10.0 v8=14.6.202.34-node.34 mode=log rss=38.4MB heapTotal=4.4MB heapUsed=3.7MB
   0.95| [1:0xffffa5470000]      183 ms: Scavenge 4.5 (5.5) -> 4.2 (6.0) MB, pooled: 0.0 MB, 0.88 / 0.00 ms (average mu = 1.000, current mu = 1.000) allocation failure; 
   0.95| [1:0xffffa5470000:0]      183 ms: Young generation mutator utilization = 0.995 (mutator_speed=2187, gc_speed=472073)
   0.95| [1:0xffffa5470000]      184 ms: Scavenge 4.5 (6.0) -> 4.4 (6.0) MB, pooled: 0.0 MB, 0.61 / 0.00 ms (average mu = 1.000, current mu = 1.000) allocation failure; 
   0.95| [1:0xffffa5470000:0]      184 ms: Young generation mutator utilization = 0.993 (mutator_speed=3893, gc_speed=569731)
   0.97| [1:0xffffa5470000]      199 ms: Scavenge 5.2 (6.5) -> 5.1 (7.0) MB, pooled: 0.0 MB, 2.68 / 0.00 ms (average mu = 1.000, current mu = 1.000) allocation failure; 
   0.97| [1:0xffffa5470000:0]      199 ms: Young generation mutator utilization = 0.979 (mutator_speed=9143, gc_speed=420520)
   0.97| [1:0xffffa5470000]      200 ms: Scavenge 5.4 (7.3) -> 5.4 (8.3) MB, pooled: 0.0 MB, 0.96 / 0.00 ms (average mu = 1.000, current mu = 1.000) allocation failure; 
   0.97| [1:0xffffa5470000:0]      200 ms: Young generation mutator utilization = 0.980 (mutator_speed=11167, gc_speed=533756)
   0.97| [1:0xffffa5470000]      201 ms: Scavenge 6.1 (8.3) -> 6.0 (8.3) MB, pooled: 0.0 MB, 0.69 / 0.00 ms (average mu = 1.000, current mu = 1.000) allocation failure; 
   0.97| [1:0xffffa5470000:0]      201 ms: Young generation mutator utilization = 0.975 (mutator_speed=16158, gc_speed=623196)
   0.97| [1:0xffffa5470000]      203 ms: Scavenge 6.3 (8.3) -> 6.3 (8.8) MB, pooled: 0.0 MB, 1.85 / 0.00 ms (average mu = 1.000, current mu = 1.000) allocation failure; 
   0.97| [1:0xffffa5470000:0]      203 ms: Young generation mutator utilization = 0.970 (mutator_speed=18866, gc_speed=600111)
   0.97| [1:0xffffa5470000]      205 ms: Scavenge 6.9 (8.8) -> 6.9 (9.0) MB, pooled: 0.0 MB, 2.15 / 0.00 ms (average mu = 1.000, current mu = 1.000) allocation failure; 
   0.97| [1:0xffffa5470000:0]      205 ms: Young generation mutator utilization = 0.960 (mutator_speed=23431, gc_speed=562794)
   0.97| [1:0xffffa5470000]      207 ms: Scavenge 7.3 (9.0) -> 7.2 (9.8) MB, pooled: 0.0 MB, 1.97 / 0.00 ms (average mu = 1.000, current mu = 1.000) allocation failure; 
   0.97| [1:0xffffa5470000:0]      208 ms: Young generation mutator utilization = 0.954 (mutator_speed=26296, gc_speed=548568)
   0.98| [1:0xffffa5470000]      209 ms: Scavenge 7.8 (9.8) -> 7.7 (10.0) MB, pooled: 0.0 MB, 1.63 / 0.00 ms (average mu = 1.000, current mu = 1.000) allocation failure; 
   0.98| [1:0xffffa5470000:0]      209 ms: Young generation mutator utilization = 0.947 (mutator_speed=30556, gc_speed=549176)
   0.98| [1:0xffffa5470000]      210 ms: Scavenge 8.2 (10.0) -> 8.1 (10.5) MB, pooled: 0.0 MB, 0.73 / 0.00 ms (average mu = 1.000, current mu = 1.000) allocation failure; 
   0.98| [1:0xffffa5470000:0]      210 ms: Young generation mutator utilization = 0.946 (mutator_speed=33706, gc_speed=587342)
   0.98| [1:0xffffa5470000]      215 ms: Scavenge 8.7 (10.5) -> 8.6 (11.0) MB, pooled: 0.0 MB, 4.59 / 0.00 ms (average mu = 1.000, current mu = 1.000) allocation failure; 
   0.98| [1:0xffffa5470000:0]      215 ms: Young generation mutator utilization = 0.929 (mutator_speed=37916, gc_speed=494725)
   0.98| [1:0xffffa5470000]      217 ms: Scavenge 9.1 (11.0) -> 9.0 (11.5) MB, pooled: 0.0 MB, 1.69 / 0.00 ms (average mu = 1.000, current mu = 1.000) allocation failure; 
   0.98| [1:0xffffa5470000:0]      217 ms: Young generation mutator utilization = 0.925 (mutator_speed=40343, gc_speed=494102)
   0.98| [1:0xffffa5470000]      218 ms: Scavenge 9.6 (11.5) -> 9.5 (11.8) MB, pooled: 0.0 MB, 1.24 / 0.00 ms (average mu = 1.000, current mu = 1.000) allocation failure; 
   0.98| [1:0xffffa5470000:0]      218 ms: Young generation mutator utilization = 0.924 (mutator_speed=44448, gc_speed=536860)
   0.99| [1:0xffffa5470000]      220 ms: Scavenge 10.0 (11.8) -> 10.0 (12.5) MB, pooled: 0.0 MB, 1.47 / 0.00 ms (average mu = 1.000, current mu = 1.000) allocation failure; 
   0.99| [1:0xffffa5470000:0]      220 ms: Young generation mutator utilization = 0.916 (mutator_speed=48060, gc_speed=521398)
   0.99| [1:0xffffa5470000]      222 ms: Scavenge 10.5 (12.5) -> 10.3 (12.8) MB, pooled: 0.0 MB, 1.62 / 0.00 ms (average mu = 1.000, current mu = 1.000) allocation failure; 
   0.99| [1:0xffffa5470000:0]      222 ms: Young generation mutator utilization = 0.906 (mutator_speed=51652, gc_speed=497118)
   0.99| [1:0xffffa5470000]      224 ms: Scavenge 11.1 (12.9) -> 11.0 (13.4) MB, pooled: 0.0 MB, 1.87 / 0.00 ms (average mu = 1.000, current mu = 1.000) allocation failure; 
   0.99| [1:0xffffa5470000:0]      224 ms: Young generation mutator utilization = 0.901 (mutator_speed=55606, gc_speed=504683)
   0.99| [1:0xffffa5470000]      226 ms: Scavenge 11.5 (13.4) -> 11.4 (13.9) MB, pooled: 0.0 MB, 1.95 / 0.00 ms (average mu = 1.000, current mu = 1.000) allocation failure; 
   0.99| [1:0xffffa5470000:0]      226 ms: Young generation mutator utilization = 0.896 (mutator_speed=58912, gc_speed=508902)
   0.99| [1:0xffffa5470000]      228 ms: Scavenge 12.0 (13.9) -> 11.9 (14.2) MB, pooled: 0.0 MB, 1.29 / 0.00 ms (average mu = 1.000, current mu = 1.000) allocation failure; 
   0.99| [1:0xffffa5470000:0]      228 ms: Young generation mutator utilization = 0.892 (mutator_speed=63332, gc_speed=525551)
   1.00| [1:0xffffa5470000]      230 ms: Scavenge 12.4 (14.2) -> 12.2 (14.9) MB, pooled: 0.0 MB, 2.27 / 0.00 ms (average mu = 1.000, current mu = 1.000) allocation failure; 
   1.00| [1:0xffffa5470000:0]      230 ms: Young generation mutator utilization = 0.884 (mutator_speed=66896, gc_speed=508054)
   1.00| [1:0xffffa5470000]      232 ms: Scavenge 12.8 (14.9) -> 12.7 (14.9) MB, pooled: 0.0 MB, 1.71 / 0.00 ms (average mu = 1.000, current mu = 1.000) allocation failure; 
   1.00| [1:0xffffa5470000:0]      232 ms: Young generation mutator utilization = 0.871 (mutator_speed=71119, gc_speed=480094)
   1.00| [1:0xffffa5470000]      234 ms: Scavenge 13.2 (14.9) -> 13.1 (15.7) MB, pooled: 0.0 MB, 1.68 / 0.00 ms (average mu = 1.000, current mu = 1.000) allocation failure; 
   1.00| [1:0xffffa5470000:0]      234 ms: Young generation mutator utilization = 0.882 (mutator_speed=74629, gc_speed=560241)
   1.00| [1:0xffffa5470000]      235 ms: Scavenge 13.7 (15.7) -> 13.6 (15.9) MB, pooled: 0.0 MB, 1.37 / 0.00 ms (average mu = 1.000, current mu = 1.000) allocation failure; 
   1.00| [1:0xffffa5470000:0]      235 ms: Young generation mutator utilization = 0.878 (mutator_speed=78709, gc_speed=566096)
   1.00| [1:0xffffa5470000]      237 ms: Scavenge 14.1 (15.9) -> 13.9 (16.4) MB, pooled: 0.0 MB, 1.21 / 0.00 ms (average mu = 1.000, current mu = 1.000) allocation failure; 
   1.00| [1:0xffffa5470000:0]      237 ms: Young generation mutator utilization = 0.872 (mutator_speed=82382, gc_speed=563513)
   1.00| [1:0xffffa5470000]      238 ms: Scavenge 14.5 (16.4) -> 14.4 (16.7) MB, pooled: 0.0 MB, 1.06 / 0.00 ms (average mu = 1.000, current mu = 1.000) allocation failure; 
   1.00| [1:0xffffa5470000:0]      238 ms: Young generation mutator utilization = 0.869 (mutator_speed=86636, gc_speed=573029)
   1.02| [1:0xffffa5470000]      257 ms: Incremental Mark-Compact (reduce) 14.7 (16.7) -> 14.5 (15.7) MB, pooled: 0.0 MB, 14.38 / 0.00 ms (+ 0.2 ms in 5 steps since start of marking, biggest step 0.1 ms, walltime since start of marking 19 ms) (average mu = 0.938, current mu = 0.938) finalize incremental marking via stack guard; GC in old space requested
   1.02| [1:0xffffa5470000]      258 ms: Scavenge 15.0 (15.7) -> 14.9 (16.2) MB, pooled: 0.0 MB, 0.59 / 0.00 ms (average mu = 0.938, current mu = 0.938) allocation failure; 
   1.02| [1:0xffffa5470000:0]      258 ms: Young generation mutator utilization = 0.866 (mutator_speed=89667, gc_speed=578606)
   1.03| [1:0xffffa5470000]      260 ms: Scavenge 15.5 (16.7) -> 15.4 (17.2) MB, pooled: 0.0 MB, 0.92 / 0.00 ms (average mu = 0.938, current mu = 0.938) allocation failure; 
   1.03| [1:0xffffa5470000:0]      260 ms: Young generation mutator utilization = 0.867 (mutator_speed=92977, gc_speed=604068)
   1.03| [1:0xffffa5470000]      263 ms: Scavenge 15.8 (17.4) -> 15.7 (17.9) MB, pooled: 0.0 MB, 2.12 / 0.00 ms (average mu = 0.938, current mu = 0.938) allocation failure; 
   1.03| [1:0xffffa5470000:0]      263 ms: Young generation mutator utilization = 0.861 (mutator_speed=96006, gc_speed=595983)
   1.04| [1:0xffffa5470000]      270 ms: Scavenge 16.6 (18.7) -> 16.4 (18.9) MB, pooled: 0.0 MB, 2.46 / 0.00 ms (average mu = 0.938, current mu = 0.938) allocation failure; 
   1.04| [1:0xffffa5470000:0]      270 ms: Young generation mutator utilization = 0.848 (mutator_speed=97314, gc_speed=544901)
   1.04| [1:0xffffa5470000]      272 ms: Scavenge 17.4 (19.3) -> 17.2 (19.8) MB, pooled: 0.0 MB, 0.65 / 0.00 ms (average mu = 0.938, current mu = 0.938) allocation failure; 
   1.04| [1:0xffffa5470000:0]      272 ms: Young generation mutator utilization = 0.860 (mutator_speed=100687, gc_speed=616554)
   1.04| [1:0xffffa5470000]      273 ms: Scavenge 18.1 (20.1) -> 17.8 (20.8) MB, pooled: 0.0 MB, 1.02 / 0.00 ms (average mu = 0.938, current mu = 0.938) allocation failure; 
   1.04| [1:0xffffa5470000:0]      273 ms: Young generation mutator utilization = 0.860 (mutator_speed=104695, gc_speed=643568)
   1.04| [1:0xffffa5470000]      277 ms: Scavenge 18.7 (20.8) -> 18.5 (21.1) MB, pooled: 0.0 MB, 1.00 / 0.00 ms (average mu = 0.938, current mu = 0.938) allocation failure; 
   1.04| [1:0xffffa5470000:0]      277 ms: Young generation mutator utilization = 0.863 (mutator_speed=106933, gc_speed=674900)
   1.04| [1:0xffffa5470000]      278 ms: Scavenge 19.4 (21.3) -> 19.2 (21.8) MB, pooled: 0.0 MB, 0.88 / 0.00 ms (average mu = 0.938, current mu = 0.938) allocation failure; 
   1.04| [1:0xffffa5470000:0]      278 ms: Young generation mutator utilization = 0.863 (mutator_speed=110792, gc_speed=700367)
   1.05| [1:0xffffa5470000]      282 ms: Scavenge 20.0 (22.1) -> 19.8 (22.3) MB, pooled: 0.0 MB, 2.33 / 0.00 ms (average mu = 0.938, current mu = 0.938) allocation failure; 
   1.05| [1:0xffffa5470000:0]      282 ms: Young generation mutator utilization = 0.848 (mutator_speed=114093, gc_speed=637569)
   1.05| [1:0xffffa5470000]      284 ms: Scavenge 20.7 (22.6) -> 20.5 (23.1) MB, pooled: 0.0 MB, 1.14 / 0.00 ms (average mu = 0.938, current mu = 0.938) allocation failure; 
   1.05| [1:0xffffa5470000:0]      284 ms: Young generation mutator utilization = 0.842 (mutator_speed=117790, gc_speed=629005)
   1.05| [1:0xffffa5470000]      286 ms: Scavenge 21.3 (23.3) -> 21.2 (23.8) MB, pooled: 0.0 MB, 0.88 / 0.00 ms (average mu = 0.938, current mu = 0.938) allocation failure; 
   1.05| [1:0xffffa5470000:0]      286 ms: Young generation mutator utilization = 0.842 (mutator_speed=121464, gc_speed=648004)
   1.05| [1:0xffffa5470000]      289 ms: Scavenge 22.0 (24.1) -> 21.8 (24.3) MB, pooled: 0.0 MB, 1.63 / 0.00 ms (average mu = 0.938, current mu = 0.938) allocation failure; 
   1.06| [1:0xffffa5470000:0]      289 ms: Young generation mutator utilization = 0.830 (mutator_speed=124281, gc_speed=607248)
   1.06| [1:0xffffa5470000]      291 ms: Scavenge 22.7 (24.6) -> 22.5 (25.1) MB, pooled: 0.0 MB, 1.12 / 0.00 ms (average mu = 0.938, current mu = 0.938) allocation failure; 
   1.06| [1:0xffffa5470000:0]      291 ms: Young generation mutator utilization = 0.835 (mutator_speed=128092, gc_speed=649763)
   1.09| [1:0xffffa5470000]      324 ms: Incremental Mark-Compact (reduce) 26.1 (28.0) -> 25.5 (27.0) MB, pooled: 0.0 MB, 11.05 / 0.00 ms (+ 1.2 ms in 41 steps since start of marking, biggest step 0.1 ms, walltime since start of marking 34 ms) (average mu = 0.912, current mu = 0.821) allocation failure; GC in old space requested
   1.09| [1:0xffffa5470000]      326 ms: Scavenge (during sweeping) 26.2 (27.0) -> 26.2 (27.5) MB, pooled: 0.0 MB, 0.99 / 0.00 ms (average mu = 0.912, current mu = 0.821) allocation failure; 
   1.09| [1:0xffffa5470000:0]      326 ms: Young generation mutator utilization = 0.845 (mutator_speed=128290, gc_speed=698614)
   1.10| [1:0xffffa5470000]      328 ms: Scavenge 27.0 (28.0) -> 26.9 (28.5) MB, pooled: 0.0 MB, 1.31 / 0.00 ms (average mu = 0.912, current mu = 0.821) allocation failure; 
   1.10| [1:0xffffa5470000:0]      328 ms: Young generation mutator utilization = 0.832 (mutator_speed=131492, gc_speed=652021)
   1.10| [1:0xffffa5470000]      330 ms: Scavenge 27.7 (29.3) -> 27.6 (29.8) MB, pooled: 0.0 MB, 1.18 / 0.00 ms (average mu = 0.912, current mu = 0.821) allocation failure; 
   1.10| [1:0xffffa5470000:0]      330 ms: Young generation mutator utilization = 0.829 (mutator_speed=134334, gc_speed=651556)
   1.10| [1:0xffffa5470000]      332 ms: Scavenge 28.5 (30.0) -> 28.3 (30.5) MB, pooled: 0.0 MB, 1.28 / 0.00 ms (average mu = 0.912, current mu = 0.821) allocation failure; 
   1.10| [1:0xffffa5470000:0]      333 ms: Young generation mutator utilization = 0.824 (mutator_speed=137442, gc_speed=642555)
   1.10| [1:0xffffa5470000]      334 ms: Scavenge 29.1 (30.8) -> 29.0 (31.3) MB, pooled: 0.0 MB, 1.06 / 0.00 ms (average mu = 0.912, current mu = 0.821) allocation failure; 
   1.10| [1:0xffffa5470000:0]      334 ms: Young generation mutator utilization = 0.820 (mutator_speed=140860, gc_speed=639631)
   1.10| [1:0xffffa5470000]      336 ms: Scavenge 30.0 (31.7) -> 29.9 (32.2) MB, pooled: 0.0 MB, 1.43 / 0.00 ms (average mu = 0.912, current mu = 0.821) allocation failure; 
   1.10| [1:0xffffa5470000:0]      336 ms: Young generation mutator utilization = 0.830 (mutator_speed=144453, gc_speed=707215)
   1.10| [1:0xffffa5470000]      338 ms: Scavenge 30.7 (32.4) -> 30.6 (32.9) MB, pooled: 0.0 MB, 1.10 / 0.00 ms (average mu = 0.912, current mu = 0.821) allocation failure; 
   1.10| [1:0xffffa5470000:0]      338 ms: Young generation mutator utilization = 0.829 (mutator_speed=147815, gc_speed=716313)
   1.11| [1:0xffffa5470000]      340 ms: Scavenge 31.5 (33.2) -> 31.4 (33.4) MB, pooled: 0.0 MB, 1.64 / 0.00 ms (average mu = 0.912, current mu = 0.821) allocation failure; 
   1.11| [1:0xffffa5470000:0]      340 ms: Young generation mutator utilization = 0.818 (mutator_speed=151472, gc_speed=680301)
   1.11| [1:0xffffa5470000]      341 ms: Scavenge 32.2 (33.7) -> 32.1 (34.2) MB, pooled: 0.0 MB, 1.33 / 0.00 ms (average mu = 0.912, current mu = 0.821) allocation failure; 
   1.11| [1:0xffffa5470000:0]      341 ms: Young generation mutator utilization = 0.820 (mutator_speed=154820, gc_speed=705537)
   1.11| [1:0xffffa5470000]      343 ms: Scavenge 32.9 (34.4) -> 32.8 (34.9) MB, pooled: 0.0 MB, 1.05 / 0.00 ms (average mu = 0.912, current mu = 0.821) allocation failure; 
   1.11| [1:0xffffa5470000:0]      343 ms: Young generation mutator utilization = 0.819 (mutator_speed=158622, gc_speed=716366)
   1.11| [1:0xffffa5470000]      344 ms: Scavenge 33.6 (35.2) -> 33.5 (35.7) MB, pooled: 0.0 MB, 0.90 / 0.00 ms (average mu = 0.912, current mu = 0.821) allocation failure; 
   1.11| [1:0xffffa5470000:0]      344 ms: Young generation mutator utilization = 0.825 (mutator_speed=161725, gc_speed=762664)
   1.15| [1:0xffffa5470000]      380 ms: Incremental Mark-Compact (reduce) 36.9 (38.6) -> 36.5 (37.8) MB, pooled: 0.0 MB, 6.86 / 0.00 ms (+ 0.9 ms in 39 steps since start of marking, biggest step 0.1 ms, walltime since start of marking 35 ms) (average mu = 0.899, current mu = 0.862) allocation failure; GC in old space requested
   1.15| [1:0xffffa5470000]      387 ms: Scavenge (during sweeping) 37.3 (37.8) -> 37.2 (38.3) MB, pooled: 0.0 MB, 6.68 / 0.00 ms (average mu = 0.899, current mu = 0.862) allocation failure; 
   1.16| [1:0xffffa5470000:0]      387 ms: Young generation mutator utilization = 0.770 (mutator_speed=150233, gc_speed=503519)
   1.17| [1:0xffffa5470000]      396 ms: Scavenge 38.0 (39.1) -> 37.9 (39.6) MB, pooled: 0.0 MB, 7.42 / 0.00 ms (average mu = 0.899, current mu = 0.862) allocation failure; 
   1.17| [1:0xffffa5470000:0]      396 ms: Young generation mutator utilization = 0.710 (mutator_speed=152060, gc_speed=371470)
   1.17| [1:0xffffa5470000]      406 ms: Scavenge 38.7 (40.3) -> 38.7 (41.1) MB, pooled: 0.0 MB, 2.48 / 0.00 ms (average mu = 0.899, current mu = 0.862) allocation failure; 
   1.18| [1:0xffffa5470000:0]      406 ms: Young generation mutator utilization = 0.705 (mutator_speed=148469, gc_speed=354439)
   1.18| [1:0xffffa5470000]      411 ms: Scavenge 39.5 (41.1) -> 39.3 (41.8) MB, pooled: 0.0 MB, 3.69 / 0.00 ms (average mu = 0.899, current mu = 0.862) allocation failure; 
   1.18| [1:0xffffa5470000:0]      411 ms: Young generation mutator utilization = 0.679 (mutator_speed=151196, gc_speed=319831)
   1.18| [1:0xffffa5470000]      413 ms: Scavenge 40.2 (41.8) -> 40.1 (42.3) MB, pooled: 0.0 MB, 1.76 / 0.00 ms (average mu = 0.899, current mu = 0.862) allocation failure; 
   1.18| [1:0xffffa5470000:0]      413 ms: Young generation mutator utilization = 0.667 (mutator_speed=154507, gc_speed=309619)
   1.18| [1:0xffffa5470000]      417 ms: Scavenge 40.9 (42.3) -> 40.7 (43.1) MB, pooled: 0.0 MB, 3.04 / 0.00 ms (average mu = 0.899, current mu = 0.862) allocation failure; 
   1.18| [1:0xffffa5470000:0]      417 ms: Young generation mutator utilization = 0.647 (mutator_speed=157051, gc_speed=288273)
   1.20| [1:0xffffa5470000]      426 ms: Scavenge 41.6 (43.1) -> 41.5 (43.6) MB, pooled: 0.0 MB, 4.60 / 0.00 ms (average mu = 0.899, current mu = 0.862) allocation failure; 
   1.20| [1:0xffffa5470000:0]      426 ms: Young generation mutator utilization = 0.626 (mutator_speed=156060, gc_speed=261493)
   1.21| [1:0xffffa5470000]      437 ms: Scavenge 42.2 (43.8) -> 42.1 (44.3) MB, pooled: 0.0 MB, 10.35 / 0.00 ms (average mu = 0.899, current mu = 0.862) allocation failure; 
   1.21| [1:0xffffa5470000:0]      438 ms: Young generation mutator utilization = 0.563 (mutator_speed=158846, gc_speed=204507)
   1.21| [1:0xffffa5470000]      441 ms: Scavenge 43.1 (44.7) -> 43.0 (45.2) MB, pooled: 0.0 MB, 1.59 / 0.00 ms (average mu = 0.899, current mu = 0.862) allocation failure; 
   1.21| [1:0xffffa5470000:0]      441 ms: Young generation mutator utilization = 0.557 (mutator_speed=161686, gc_speed=203673)
   1.22| [1:0xffffa5470000]      446 ms: Scavenge 43.7 (45.2) -> 43.6 (46.2) MB, pooled: 0.0 MB, 3.78 / 0.00 ms (average mu = 0.899, current mu = 0.862) allocation failure; 
   1.22| [1:0xffffa5470000:0]      449 ms: Young generation mutator utilization = 0.534 (mutator_speed=164180, gc_speed=188246)
   1.22| [1:0xffffa5470000]      452 ms: Scavenge 44.4 (46.2) -> 44.2 (46.5) MB, pooled: 0.0 MB, 2.19 / 0.00 ms (average mu = 0.899, current mu = 0.862) allocation failure; 
   1.22| [1:0xffffa5470000:0]      452 ms: Young generation mutator utilization = 0.572 (mutator_speed=163446, gc_speed=218237)
   1.28| [1:0xffffa5470000]      512 ms: Incremental Mark-Compact (reduce) 48.3 (50.0) -> 47.3 (48.7) MB, pooled: 0.0 MB, 27.77 / 0.00 ms (+ 13.5 ms in 39 steps since start of marking, biggest step 9.6 ms, walltime since start of marking 60 ms) (average mu = 0.781, current mu = 0.689) allocation failure; GC in old space requested
   1.28| [1:0xffffa5470000]      513 ms: Scavenge (during sweeping) 48.0 (48.7) -> 47.9 (49.2) MB, pooled: 0.0 MB, 0.38 / 0.00 ms (average mu = 0.781, current mu = 0.689) allocation failure; 
   1.28| [1:0xffffa5470000:0]      513 ms: Young generation mutator utilization = 0.619 (mutator_speed=152568, gc_speed=247495)
   1.29| [1:0xffffa5470000]      523 ms: Scavenge (during sweeping) 48.8 (50.0) -> 48.6 (50.2) MB, pooled: 0.0 MB, 10.00 / 0.00 ms (average mu = 0.781, current mu = 0.689) allocation failure; 
   1.29| [1:0xffffa5470000:0]      523 ms: Young generation mutator utilization = 0.560 (mutator_speed=156594, gc_speed=199478)
   1.29| [1:0xffffa5470000]      527 ms: Scavenge 49.5 (51.1) -> 49.4 (51.9) MB, pooled: 0.0 MB, 0.75 / 0.00 ms (average mu = 0.781, current mu = 0.689) allocation failure; 
   1.29| [1:0xffffa5470000:0]      527 ms: Young generation mutator utilization = 0.580 (mutator_speed=156945, gc_speed=217168)
   1.30| [1:0xffffa5470000]      529 ms: Scavenge 50.2 (51.9) -> 50.0 (52.4) MB, pooled: 0.0 MB, 0.75 / 0.00 ms (average mu = 0.781, current mu = 0.689) allocation failure; 
   1.30| [1:0xffffa5470000:0]      529 ms: Young generation mutator utilization = 0.580 (mutator_speed=159846, gc_speed=220301)
   1.30| [1:0xffffa5470000]      534 ms: Scavenge 50.8 (52.4) -> 50.7 (53.1) MB, pooled: 0.0 MB, 4.07 / 0.00 ms (average mu = 0.781, current mu = 0.689) allocation failure; 
   1.30| [1:0xffffa5470000:0]      534 ms: Young generation mutator utilization = 0.566 (mutator_speed=163689, gc_speed=213293)
   1.30| [1:0xffffa5470000]      538 ms: Scavenge 51.5 (53.1) -> 51.3 (53.6) MB, pooled: 0.0 MB, 3.22 / 0.00 ms (average mu = 0.781, current mu = 0.689) allocation failure; 
   1.30| [1:0xffffa5470000:0]      538 ms: Young generation mutator utilization = 0.568 (mutator_speed=166690, gc_speed=219416)
   1.31| [1:0xffffa5470000]      540 ms: Scavenge 52.1 (53.6) -> 52.0 (54.4) MB, pooled: 0.0 MB, 1.71 / 0.00 ms (average mu = 0.781, current mu = 0.689) allocation failure; 
   1.31| [1:0xffffa5470000:0]      541 ms: Young generation mutator utilization = 0.625 (mutator_speed=169801, gc_speed=282951)
   1.31| [1:0xffffa5470000]      546 ms: Scavenge 52.8 (54.4) -> 52.6 (54.9) MB, pooled: 0.0 MB, 3.96 / 0.00 ms (average mu = 0.781, current mu = 0.689) allocation failure; 
   1.31| [1:0xffffa5470000:0]      546 ms: Young generation mutator utilization = 0.597 (mutator_speed=172272, gc_speed=254754)
   1.31| [1:0xffffa5470000]      548 ms: Scavenge 53.4 (55.1) -> 53.3 (55.4) MB, pooled: 0.0 MB, 0.99 / 0.00 ms (average mu = 0.781, current mu = 0.689) allocation failure; 
   1.31| [1:0xffffa5470000:0]      548 ms: Young generation mutator utilization = 0.615 (mutator_speed=175476, gc_speed=280596)
   1.32| [1:0xffffa5470000]      552 ms: Scavenge 54.0 (55.6) -> 53.8 (56.1) MB, pooled: 0.0 MB, 2.09 / 0.00 ms (average mu = 0.781, current mu = 0.689) allocation failure; 
   1.32| [1:0xffffa5470000:0]      552 ms: Young generation mutator utilization = 0.614 (mutator_speed=177310, gc_speed=281712)
   1.32| [1:0xffffa5470000]      555 ms: Scavenge 54.7 (56.4) -> 54.5 (56.6) MB, pooled: 0.0 MB, 2.19 / 0.00 ms (average mu = 0.781, current mu = 0.689) allocation failure; 
   1.32| [1:0xffffa5470000:0]      555 ms: Young generation mutator utilization = 0.608 (mutator_speed=180359, gc_speed=279606)
   1.32| [1:0xffffa5470000]      558 ms: Scavenge 55.3 (56.9) -> 55.1 (57.4) MB, pooled: 0.0 MB, 2.35 / 0.00 ms (average mu = 0.781, current mu = 0.689) allocation failure; 
   1.32| [1:0xffffa5470000:0]      558 ms: Young generation mutator utilization = 0.674 (mutator_speed=182737, gc_speed=377073)
   1.42| [1:0xffffa5470000]      643 ms: Incremental Mark-Compact (reduce) 59.2 (60.8) -> 58.3 (59.5) MB, pooled: 0.0 MB, 64.58 / 0.00 ms (+ 5.4 ms in 39 steps since start of marking, biggest step 4.3 ms, walltime since start of marking 84 ms) (average mu = 0.615, current mu = 0.466) allocation failure; GC in old space requested
   1.42| [1:0xffffa5470000]      644 ms: Scavenge (during sweeping) 59.0 (59.5) -> 58.9 (60.0) MB, pooled: 0.0 MB, 0.59 / 0.00 ms (average mu = 0.615, current mu = 0.466) allocation failure; 
   1.42| [1:0xffffa5470000:0]      654 ms: Young generation mutator utilization = 0.659 (mutator_speed=181627, gc_speed=350880)
   1.45| [1:0xffffa5470000]      680 ms: Scavenge (during sweeping) 59.8 (61.0) -> 59.6 (61.3) MB, pooled: 0.0 MB, 12.90 / 0.00 ms (average mu = 0.615, current mu = 0.466) allocation failure; 
   1.45| [1:0xffffa5470000:0]      680 ms: Young generation mutator utilization = 0.587 (mutator_speed=159026, gc_speed=225774)
   1.45| [1:0xffffa5470000]      683 ms: Scavenge (during sweeping) 60.4 (62.0) -> 60.2 (62.3) MB, pooled: 0.0 MB, 2.58 / 0.00 ms (average mu = 0.615, current mu = 0.466) allocation failure; 
   1.45| [1:0xffffa5470000:0]      683 ms: Young generation mutator utilization = 0.592 (mutator_speed=161924, gc_speed=235342)
   1.45| [1:0xffffa5470000]      686 ms: Scavenge (during sweeping) 61.1 (62.5) -> 60.8 (63.0) MB, pooled: 0.0 MB, 2.45 / 0.00 ms (average mu = 0.615, current mu = 0.466) allocation failure; 
   1.45| [1:0xffffa5470000:0]      686 ms: Young generation mutator utilization = 0.591 (mutator_speed=165720, gc_speed=239533)
   1.46| [1:0xffffa5470000]      690 ms: Scavenge (during sweeping) 61.7 (63.3) -> 61.5 (63.8) MB, pooled: 0.0 MB, 2.29 / 0.00 ms (average mu = 0.615, current mu = 0.466) allocation failure; 
   1.46| [1:0xffffa5470000:0]      690 ms: Young generation mutator utilization = 0.585 (mutator_speed=167727, gc_speed=236132)
   1.47| [1:0xffffa5470000]      699 ms: Scavenge 62.5 (64.2) -> 62.3 (64.7) MB, pooled: 0.0 MB, 6.88 / 0.00 ms (average mu = 0.615, current mu = 0.466) allocation failure; 
   1.47| [1:0xffffa5470000:0]      699 ms: Young generation mutator utilization = 0.567 (mutator_speed=169556, gc_speed=221954)
   1.47| [1:0xffffa5470000]      702 ms: Scavenge 63.1 (64.7) -> 62.9 (65.4) MB, pooled: 0.0 MB, 2.31 / 0.00 ms (average mu = 0.615, current mu = 0.466) allocation failure; 
   1.47| [1:0xffffa5470000:0]      702 ms: Young generation mutator utilization = 0.553 (mutator_speed=173287, gc_speed=214105)
   1.48| [1:0xffffa5470000]      706 ms: Scavenge 63.8 (65.4) -> 63.6 (65.7) MB, pooled: 0.0 MB, 0.92 / 0.00 ms (average mu = 0.615, current mu = 0.466) allocation failure; 
   1.48| [1:0xffffa5470000:0]      706 ms: Young generation mutator utilization = 0.560 (mutator_speed=173944, gc_speed=221580)
   1.48| [1:0xffffa5470000]      709 ms: Scavenge 64.4 (65.9) -> 64.2 (66.4) MB, pooled: 0.0 MB, 1.63 / 0.00 ms (average mu = 0.615, current mu = 0.466) allocation failure; 
   1.48| [1:0xffffa5470000:0]      709 ms: Young generation mutator utilization = 0.562 (mutator_speed=175308, gc_speed=225073)
   1.48| [1:0xffffa5470000]      711 ms: Scavenge 65.0 (66.7) -> 64.8 (66.9) MB, pooled: 0.0 MB, 1.21 / 0.00 ms (average mu = 0.615, current mu = 0.466) allocation failure; 
   1.48| [1:0xffffa5470000:0]      711 ms: Young generation mutator utilization = 0.565 (mutator_speed=179186, gc_speed=233023)
   1.48| [1:0xffffa5470000]      713 ms: Scavenge 65.7 (67.2) -> 65.5 (67.9) MB, pooled: 0.0 MB, 1.22 / 0.00 ms (average mu = 0.615, current mu = 0.466) allocation failure; 
   1.48| [1:0xffffa5470000:0]      713 ms: Young generation mutator utilization = 0.571 (mutator_speed=182972, gc_speed=243117)
   1.48| [1:0xffffa5470000]      715 ms: Scavenge 66.3 (67.9) -> 66.1 (68.4) MB, pooled: 0.0 MB, 1.26 / 0.00 ms (average mu = 0.615, current mu = 0.466) allocation failure; 
   1.48| [1:0xffffa5470000:0]      715 ms: Young generation mutator utilization = 0.664 (mutator_speed=186368, gc_speed=368358)
   1.60| [1:0xffffa5470000]      835 ms: Incremental Mark-Compact (reduce) 70.4 (71.8) -> 68.6 (70.8) MB, pooled: 0.0 MB, 96.48 / 0.00 ms (+ 1.6 ms in 40 steps since start of marking, biggest step 0.1 ms, walltime since start of marking 120 ms) (average mu = 0.540, current mu = 0.491) allocation failure; GC in old space requested
   1.61| [1:0xffffa5470000]      841 ms: Scavenge (during sweeping) 69.3 (70.8) -> 69.1 (71.3) MB, pooled: 0.0 MB, 3.43 / 0.00 ms (average mu = 0.540, current mu = 0.491) allocation failure; 
   1.61| [1:0xffffa5470000:0]      843 ms: Young generation mutator utilization = 0.654 (mutator_speed=177851, gc_speed=335519)
   1.61| [1:0xffffa5470000]      847 ms: Scavenge 70.0 (71.8) -> 69.9 (72.3) MB, pooled: 0.0 MB, 2.25 / 0.00 ms (average mu = 0.540, current mu = 0.491) allocation failure; 
   1.62| [1:0xffffa5470000:0]      848 ms: Young generation mutator utilization = 0.657 (mutator_speed=176651, gc_speed=338953)
   1.62| [1:0xffffa5470000]      849 ms: Scavenge 70.6 (72.8) -> 70.4 (73.6) MB, pooled: 0.0 MB, 1.32 / 0.00 ms (average mu = 0.540, current mu = 0.491) allocation failure; 
   1.62| [1:0xffffa5470000:0]      849 ms: Young generation mutator utilization = 0.663 (mutator_speed=179584, gc_speed=352568)
   1.63| [1:0xffffa5470000]      857 ms: Scavenge 71.3 (73.6) -> 71.1 (74.1) MB, pooled: 0.0 MB, 7.32 / 0.00 ms (average mu = 0.540, current mu = 0.491) allocation failure; 
   1.63| [1:0xffffa5470000:0]      857 ms: Young generation mutator utilization = 0.649 (mutator_speed=183525, gc_speed=339946)
   1.63| [1:0xffffa5470000]      861 ms: Scavenge 71.9 (74.1) -> 71.8 (74.8) MB, pooled: 0.0 MB, 2.27 / 0.00 ms (average mu = 0.540, current mu = 0.491) allocation failure; 
   1.63| [1:0xffffa5470000:0]      861 ms: Young generation mutator utilization = 0.650 (mutator_speed=185485, gc_speed=343966)
   1.64| [1:0xffffa5470000]      869 ms: Scavenge 72.6 (74.8) -> 72.4 (75.6) MB, pooled: 0.0 MB, 6.85 / 0.00 ms (average mu = 0.540, current mu = 0.491) allocation failure; 
   1.64| [1:0xffffa5470000:0]      869 ms: Young generation mutator utilization = 0.593 (mutator_speed=188489, gc_speed=274289)
   1.64| [1:0xffffa5470000]      871 ms: Scavenge 73.2 (75.6) -> 73.1 (76.1) MB, pooled: 0.0 MB, 1.24 / 0.00 ms (average mu = 0.540, current mu = 0.491) allocation failure; 
   1.64| [1:0xffffa5470000:0]      871 ms: Young generation mutator utilization = 0.594 (mutator_speed=191445, gc_speed=280391)
   1.64| [1:0xffffa5470000]      873 ms: Scavenge 73.9 (76.1) -> 73.7 (76.6) MB, pooled: 0.0 MB, 1.87 / 0.00 ms (average mu = 0.540, current mu = 0.491) allocation failure; 
   1.64| [1:0xffffa5470000:0]      873 ms: Young generation mutator utilization = 0.586 (mutator_speed=194294, gc_speed=274986)
   1.64| [1:0xffffa5470000]      878 ms: Scavenge 74.7 (77.0) -> 74.5 (77.8) MB, pooled: 0.0 MB, 2.31 / 0.00 ms (average mu = 0.540, current mu = 0.491) allocation failure; 
   1.64| [1:0xffffa5470000:0]      878 ms: Young generation mutator utilization = 0.580 (mutator_speed=195672, gc_speed=270269)
   1.65| [1:0xffffa5470000]      881 ms: Scavenge 75.3 (77.8) -> 75.2 (78.3) MB, pooled: 0.0 MB, 2.62 / 0.00 ms (average mu = 0.540, current mu = 0.491) allocation failure; 
   1.65| [1:0xffffa5470000:0]      881 ms: Young generation mutator utilization = 0.566 (mutator_speed=198348, gc_speed=258668)
   1.65| [1:0xffffa5470000]      883 ms: Scavenge 76.0 (78.3) -> 75.8 (79.0) MB, pooled: 0.0 MB, 0.74 / 0.00 ms (average mu = 0.540, current mu = 0.491) allocation failure; 
   1.65| [1:0xffffa5470000:0]      884 ms: Young generation mutator utilization = 0.597 (mutator_speed=202209, gc_speed=298934)
   1.66| [1:0xffffa5470000]      885 ms: Scavenge 76.6 (79.0) -> 76.4 (79.3) MB, pooled: 0.0 MB, 0.90 / 0.00 ms (average mu = 0.540, current mu = 0.491) allocation failure; 
   1.66| [1:0xffffa5470000:0]      885 ms: Young generation mutator utilization = 0.606 (mutator_speed=203975, gc_speed=314283)
   1.66| [1:0xffffa5470000]      888 ms: Scavenge 77.3 (79.5) -> 77.1 (80.3) MB, pooled: 0.0 MB, 2.39 / 0.00 ms (average mu = 0.540, current mu = 0.491) allocation failure; 
   1.66| [1:0xffffa5470000:0]      888 ms: Young generation mutator utilization = 0.594 (mutator_speed=207055, gc_speed=303511)
   1.77| [1:0xffffa5470000]     1002 ms: Incremental Mark-Compact (reduce) 78.8 (81.5) -> 78.4 (80.3) MB, pooled: 0.0 MB, 93.69 / 0.00 ms (+ 0.6 ms in 19 steps since start of marking, biggest step 0.2 ms, walltime since start of marking 113 ms) (average mu = 0.486, current mu = 0.434) allocation failure; GC in old space requested
   1.77| [1:0xffffa5470000]     1003 ms: Scavenge (during sweeping) 79.1 (80.5) -> 79.0 (81.0) MB, pooled: 0.0 MB, 0.63 / 0.00 ms (average mu = 0.486, current mu = 0.434) allocation failure; 
   1.77| [1:0xffffa5470000:0]     1003 ms: Young generation mutator utilization = 0.663 (mutator_speed=191211, gc_speed=375509)
   1.78| [1:0xffffa5470000]     1008 ms: Scavenge (during sweeping) 79.9 (81.8) -> 79.7 (82.0) MB, pooled: 0.0 MB, 4.66 / 0.00 ms (average mu = 0.486, current mu = 0.434) allocation failure; 
   1.78| [1:0xffffa5470000:0]     1008 ms: Young generation mutator utilization = 0.633 (mutator_speed=194852, gc_speed=336672)
   1.78| [1:0xffffa5470000]     1013 ms: Scavenge (during sweeping) 80.4 (82.8) -> 80.3 (83.3) MB, pooled: 0.0 MB, 3.37 / 0.00 ms (average mu = 0.486, current mu = 0.434) allocation failure; 
   1.78| [1:0xffffa5470000:0]     1013 ms: Young generation mutator utilization = 0.668 (mutator_speed=195900, gc_speed=393527)
   1.79| [1:0xffffa5470000]     1019 ms: Scavenge 81.3 (83.7) -> 81.1 (84.4) MB, pooled: 0.0 MB, 4.42 / 0.00 ms (average mu = 0.486, current mu = 0.434) allocation failure; 
   1.79| [1:0xffffa5470000:0]     1019 ms: Young generation mutator utilization = 0.635 (mutator_speed=198837, gc_speed=345685)
   1.79| [1:0xffffa5470000]     1021 ms: Scavenge 81.9 (84.4) -> 81.8 (84.9) MB, pooled: 0.0 MB, 1.21 / 0.00 ms (average mu = 0.486, current mu = 0.434) allocation failure; 
   1.79| [1:0xffffa5470000:0]     1021 ms: Young generation mutator utilization = 0.637 (mutator_speed=201805, gc_speed=353456)
   1.79| [1:0xffffa5470000]     1022 ms: Scavenge 82.6 (84.9) -> 82.4 (85.4) MB, pooled: 0.0 MB, 1.26 / 0.00 ms (average mu = 0.486, current mu = 0.434) allocation failure; 
   1.79| [1:0xffffa5470000:0]     1022 ms: Young generation mutator utilization = 0.637 (mutator_speed=205499, gc_speed=360864)
   1.80| [1:0xffffa5470000]     1024 ms: Scavenge 83.2 (85.7) -> 83.0 (86.2) MB, pooled: 0.0 MB, 1.22 / 0.00 ms (average mu = 0.486, current mu = 0.434) allocation failure; 
   1.80| [1:0xffffa5470000:0]     1024 ms: Young generation mutator utilization = 0.648 (mutator_speed=208633, gc_speed=384060)
   1.80| [1:0xffffa5470000]     1028 ms: Scavenge 83.8 (86.2) -> 83.6 (86.7) MB, pooled: 0.0 MB, 3.64 / 0.00 ms (average mu = 0.486, current mu = 0.434) allocation failure; 
   1.80| [1:0xffffa5470000:0]     1028 ms: Young generation mutator utilization = 0.613 (mutator_speed=212587, gc_speed=336813)
   1.80| [1:0xffffa5470000]     1030 ms: Scavenge 84.5 (86.9) -> 84.4 (87.2) MB, pooled: 0.0 MB, 1.11 / 0.00 ms (average mu = 0.486, current mu = 0.434) allocation failure; 
   1.80| [1:0xffffa5470000:0]     1030 ms: Young generation mutator utilization = 0.610 (mutator_speed=215709, gc_speed=337116)
   1.80| [1:0xffffa5470000]     1031 ms: Scavenge 85.1 (87.4) -> 85.0 (87.9) MB, pooled: 0.0 MB, 0.71 / 0.00 ms (average mu = 0.486, current mu = 0.434) allocation failure; 
   1.80| [1:0xffffa5470000:0]     1031 ms: Young generation mutator utilization = 0.625 (mutator_speed=218567, gc_speed=364377)
   1.80| [1:0xffffa5470000]     1033 ms: Scavenge 85.8 (88.2) -> 85.7 (88.7) MB, pooled: 0.0 MB, 1.30 / 0.00 ms (average mu = 0.486, current mu = 0.434) allocation failure; 
   1.80| [1:0xffffa5470000:0]     1033 ms: Young generation mutator utilization = 0.628 (mutator_speed=221429, gc_speed=373442)
   1.80| [1:0xffffa5470000]     1036 ms: Scavenge 86.4 (88.7) -> 86.3 (89.2) MB, pooled: 0.0 MB, 0.83 / 0.00 ms (average mu = 0.486, current mu = 0.434) allocation failure; 
   1.80| [1:0xffffa5470000:0]     1036 ms: Young generation mutator utilization = 0.667 (mutator_speed=223154, gc_speed=447880)
   1.90| [1:0xffffa5470000]     1130 ms: Incremental Mark-Compact (reduce) 90.1 (92.6) -> 89.3 (91.3) MB, pooled: 0.0 MB, 79.57 / 0.00 ms (+ 2.0 ms in 40 steps since start of marking, biggest step 0.7 ms, walltime since start of marking 94 ms) (average mu = 0.432, current mu = 0.365) allocation failure; GC in old space requested
   1.90| [1:0xffffa5470000]     1136 ms: Scavenge (during sweeping) 90.0 (91.3) -> 89.9 (91.8) MB, pooled: 0.0 MB, 2.43 / 0.00 ms (average mu = 0.432, current mu = 0.365) allocation failure; 
   1.90| [1:0xffffa5470000:0]     1137 ms: Young generation mutator utilization = 0.671 (mutator_speed=217561, gc_speed=443113)
   1.91| [1:0xffffa5470000]     1143 ms: Scavenge (during sweeping) 90.8 (92.6) -> 90.6 (93.1) MB, pooled: 0.0 MB, 4.57 / 0.00 ms (average mu = 0.432, current mu = 0.365) allocation failure; 
   1.91| [1:0xffffa5470000:0]     1143 ms: Young generation mutator utilization = 0.665 (mutator_speed=217732, gc_speed=431524)
   1.91| [1:0xffffa5470000]     1145 ms: Scavenge (during sweeping) 91.3 (93.6) -> 91.2 (94.1) MB, pooled: 0.0 MB, 1.37 / 0.00 ms (average mu = 0.432, current mu = 0.365) allocation failure; 
   1.91| [1:0xffffa5470000:0]     1145 ms: Young generation mutator utilization = 0.662 (mutator_speed=220741, gc_speed=431982)
   1.91| [1:0xffffa5470000]     1147 ms: Scavenge 92.1 (94.3) -> 91.9 (95.1) MB, pooled: 0.0 MB, 1.62 / 0.00 ms (average mu = 0.432, current mu = 0.365) allocation failure; 
   1.91| [1:0xffffa5470000:0]     1147 ms: Young generation mutator utilization = 0.656 (mutator_speed=224355, gc_speed=428748)
   1.92| [1:0xffffa5470000]     1151 ms: Scavenge 92.7 (95.1) -> 92.6 (95.6) MB, pooled: 0.0 MB, 1.93 / 0.00 ms (average mu = 0.432, current mu = 0.365) allocation failure; 
   1.92| [1:0xffffa5470000:0]     1151 ms: Young generation mutator utilization = 0.649 (mutator_speed=226212, gc_speed=418983)
   1.92| [1:0xffffa5470000]     1152 ms: Scavenge 93.4 (95.8) -> 93.2 (96.3) MB, pooled: 0.0 MB, 0.87 / 0.00 ms (average mu = 0.432, current mu = 0.365) allocation failure; 
   1.92| [1:0xffffa5470000:0]     1152 ms: Young generation mutator utilization = 0.682 (mutator_speed=229112, gc_speed=491884)
   1.93| [1:0xffffa5470000]     1159 ms: Scavenge 94.2 (96.5) -> 94.0 (97.0) MB, pooled: 0.0 MB, 2.88 / 0.00 ms (average mu = 0.432, current mu = 0.365) allocation failure; 
   1.93| [1:0xffffa5470000:0]     1159 ms: Young generation mutator utilization = 0.665 (mutator_speed=227174, gc_speed=450862)
   1.93| [1:0xffffa5470000]     1161 ms: Scavenge 94.8 (97.2) -> 94.6 (97.7) MB, pooled: 0.0 MB, 0.95 / 0.00 ms (average mu = 0.432, current mu = 0.365) allocation failure; 
   1.93| [1:0xffffa5470000:0]     1161 ms: Young generation mutator utilization = 0.657 (mutator_speed=229905, gc_speed=440870)
   1.94| [1:0xffffa5470000]     1162 ms: Scavenge 95.5 (97.7) -> 95.3 (98.2) MB, pooled: 0.0 MB, 1.17 / 0.00 ms (average mu = 0.432, current mu = 0.365) allocation failure; 
   1.94| [1:0xffffa5470000:0]     1162 ms: Young generation mutator utilization = 0.655 (mutator_speed=233700, gc_speed=443318)
   1.94| [1:0xffffa5470000]     1169 ms: Scavenge 96.1 (98.5) -> 95.9 (99.0) MB, pooled: 0.0 MB, 6.88 / 0.00 ms (average mu = 0.432, current mu = 0.365) allocation failure; 
   1.94| [1:0xffffa5470000:0]     1169 ms: Young generation mutator utilization = 0.584 (mutator_speed=237054, gc_speed=332839)
   1.94| [1:0xffffa5470000]     1173 ms: Scavenge 96.8 (99.2) -> 96.6 (99.5) MB, pooled: 0.0 MB, 1.10 / 0.00 ms (average mu = 0.432, current mu = 0.365) allocation failure; 
   1.95| [1:0xffffa5470000:0]     1173 ms: Young generation mutator utilization = 0.611 (mutator_speed=236614, gc_speed=371633)
   1.95| [1:0xffffa5470000]     1175 ms: Scavenge 97.4 (99.7) -> 97.3 (100.2) MB, pooled: 0.0 MB, 0.90 / 0.00 ms (average mu = 0.432, current mu = 0.365) allocation failure; 
   1.95| [1:0xffffa5470000:0]     1175 ms: Young generation mutator utilization = 0.648 (mutator_speed=240119, gc_speed=442863)
   1.95| [1:0xffffa5470000]     1176 ms: Scavenge 98.1 (100.5) -> 97.9 (101.0) MB, pooled: 0.0 MB, 0.94 / 0.00 ms (average mu = 0.432, current mu = 0.365) allocation failure; 
   1.95| [1:0xffffa5470000:0]     1176 ms: Young generation mutator utilization = 0.650 (mutator_speed=243429, gc_speed=451880)
   1.95| [1:0xffffa5470000]     1178 ms: Scavenge 98.7 (101.0) -> 98.6 (101.5) MB, pooled: 0.0 MB, 1.13 / 0.00 ms (average mu = 0.432, current mu = 0.365) allocation failure; 
   1.95| [1:0xffffa5470000:0]     1178 ms: Young generation mutator utilization = 0.653 (mutator_speed=246775, gc_speed=463377)
   2.06| [1:0xffffa5470000]     1297 ms: Incremental Mark-Compact (reduce) 100.8 (103.1) -> 100.4 (102.4) MB, pooled: 0.0 MB, 97.40 / 0.00 ms (+ 6.4 ms in 25 steps since start of marking, biggest step 5.4 ms, walltime since start of marking 119 ms) (average mu = 0.404, current mu = 0.379) allocation failure; GC in old space requested
   2.07| [1:0xffffa5470000]     1300 ms: Scavenge (during sweeping) 101.1 (102.4) -> 101.0 (102.9) MB, pooled: 0.0 MB, 2.74 / 0.00 ms (average mu = 0.404, current mu = 0.379) allocation failure; 
   2.07| [1:0xffffa5470000:0]     1300 ms: Young generation mutator utilization = 0.649 (mutator_speed=224977, gc_speed=415724)
   2.07| [1:0xffffa5470000]     1302 ms: Scavenge (during sweeping) 101.9 (103.6) -> 101.7 (104.1) MB, pooled: 0.0 MB, 1.54 / 0.00 ms (average mu = 0.404, current mu = 0.379) allocation failure; 
   2.07| [1:0xffffa5470000:0]     1303 ms: Young generation mutator utilization = 0.636 (mutator_speed=228011, gc_speed=398589)
   2.08| [1:0xffffa5470000]     1313 ms: Scavenge (during sweeping) 102.5 (104.9) -> 102.3 (105.4) MB, pooled: 0.0 MB, 7.28 / 0.00 ms (average mu = 0.404, current mu = 0.379) allocation failure; 
   2.08| [1:0xffffa5470000:0]     1313 ms: Young generation mutator utilization = 0.586 (mutator_speed=226222, gc_speed=320190)
   2.08| [1:0xffffa5470000]     1314 ms: Scavenge 103.1 (105.4) -> 103.0 (106.1) MB, pooled: 0.0 MB, 0.44 / 0.00 ms (average mu = 0.404, current mu = 0.379) allocation failure; 
   2.08| [1:0xffffa5470000:0]     1314 ms: Young generation mutator utilization = 0.587 (mutator_speed=230021, gc_speed=327064)
   2.08| [1:0xffffa5470000]     1316 ms: Scavenge 103.8 (106.1) -> 103.6 (106.6) MB, pooled: 0.0 MB, 1.26 / 0.00 ms (average mu = 0.404, current mu = 0.379) allocation failure; 
   2.08| [1:0xffffa5470000:0]     1316 ms: Young generation mutator utilization = 0.582 (mutator_speed=233224, gc_speed=325138)
   2.08| [1:0xffffa5470000]     1318 ms: Scavenge 104.4 (106.9) -> 104.3 (107.4) MB, pooled: 0.0 MB, 1.10 / 0.00 ms (average mu = 0.404, current mu = 0.379) allocation failure; 
   2.08| [1:0xffffa5470000:0]     1318 ms: Young generation mutator utilization = 0.645 (mutator_speed=236368, gc_speed=429207)
   2.09| [1:0xffffa5470000]     1319 ms: Scavenge 105.0 (107.4) -> 104.9 (107.9) MB, pooled: 0.0 MB, 1.32 / 0.00 ms (average mu = 0.404, current mu = 0.379) allocation failure; 
   2.09| [1:0xffffa5470000:0]     1319 ms: Young generation mutator utilization = 0.641 (mutator_speed=239729, gc_speed=427524)
   2.09| [1:0xffffa5470000]     1321 ms: Scavenge 105.7 (108.1) -> 105.5 (108.4) MB, pooled: 0.0 MB, 1.14 / 0.00 ms (average mu = 0.404, current mu = 0.379) allocation failure; 
   2.09| [1:0xffffa5470000:0]     1321 ms: Young generation mutator utilization = 0.635 (mutator_speed=242986, gc_speed=422160)
   2.09| [1:0xffffa5470000]     1322 ms: Scavenge 106.3 (108.6) -> 106.2 (109.1) MB, pooled: 0.0 MB, 0.98 / 0.00 ms (average mu = 0.404, current mu = 0.379) allocation failure; 
   2.09| [1:0xffffa5470000:0]     1322 ms: Young generation mutator utilization = 0.632 (mutator_speed=246440, gc_speed=422501)
   2.10| [1:0xffffa5470000]     1325 ms: Scavenge 107.0 (109.4) -> 106.9 (110.1) MB, pooled: 0.0 MB, 2.02 / 0.00 ms (average mu = 0.404, current mu = 0.379) allocation failure; 
   2.10| [1:0xffffa5470000:0]     1325 ms: Young generation mutator utilization = 0.617 (mutator_speed=249573, gc_speed=402580)
   2.10| [1:0xffffa5470000]     1334 ms: Scavenge 107.8 (110.3) -> 107.7 (111.0) MB, pooled: 0.0 MB, 4.19 / 0.00 ms (average mu = 0.404, current mu = 0.379) allocation failure; 
   2.10| [1:0xffffa5470000:0]     1334 ms: Young generation mutator utilization = 0.623 (mutator_speed=245017, gc_speed=404556)
   2.11| [1:0xffffa5470000]     1339 ms: Scavenge 108.5 (111.0) -> 108.3 (111.5) MB, pooled: 0.0 MB, 4.63 / 0.00 ms (average mu = 0.404, current mu = 0.379) allocation failure; 
   2.11| [1:0xffffa5470000:0]     1339 ms: Young generation mutator utilization = 0.587 (mutator_speed=248396, gc_speed=352884)
   2.11| [1:0xffffa5470000]     1343 ms: Scavenge 109.1 (111.5) -> 108.9 (112.0) MB, pooled: 0.0 MB, 2.52 / 0.00 ms (average mu = 0.404, current mu = 0.379) allocation failure; 
   2.11| [1:0xffffa5470000:0]     1343 ms: Young generation mutator utilization = 0.636 (mutator_speed=250075, gc_speed=436722)
   2.12| [1:0xffffa5470000]     1350 ms: Scavenge 109.7 (112.0) -> 109.5 (112.5) MB, pooled: 0.0 MB, 3.06 / 0.00 ms (average mu = 0.404, current mu = 0.379) allocation failure; 
   2.12| [1:0xffffa5470000:0]     1350 ms: Young generation mutator utilization = 0.609 (mutator_speed=247408, gc_speed=385298)
   2.12| [1:0xffffa5470000]     1355 ms: Scavenge 110.4 (112.8) -> 110.2 (113.3) MB, pooled: 0.0 MB, 2.57 / 0.00 ms (average mu = 0.404, current mu = 0.379) allocation failure; 
   2.12| [1:0xffffa5470000:0]     1355 ms: Young generation mutator utilization = 0.596 (mutator_speed=247041, gc_speed=364963)
   2.27| [1:0xffffa5470000]     1493 ms: Incremental Mark-Compact (reduce) 114.7 (116.9) -> 113.9 (115.9) MB, pooled: 0.0 MB, 123.78 / 0.00 ms (+ 0.6 ms in 45 steps since start of marking, biggest step 0.2 ms, walltime since start of marking 137 ms) (average mu = 0.383, current mu = 0.367) allocation failure; GC in old space requested
   2.27| [1:0xffffa5470000]     1496 ms: Scavenge (during sweeping) 114.6 (115.9) -> 114.5 (116.4) MB, pooled: 0.0 MB, 2.65 / 0.00 ms (average mu = 0.383, current mu = 0.367) allocation failure; 
   2.27| [1:0xffffa5470000:0]     1496 ms: Young generation mutator utilization = 0.566 (mutator_speed=247316, gc_speed=322600)
   2.27| [1:0xffffa5470000]     1499 ms: Scavenge (during sweeping) 115.4 (117.2) -> 115.2 (117.4) MB, pooled: 0.0 MB, 1.65 / 0.00 ms (average mu = 0.383, current mu = 0.367) allocation failure; 
   2.27| [1:0xffffa5470000:0]     1499 ms: Young generation mutator utilization = 0.557 (mutator_speed=250613, gc_speed=315303)
   2.27| [1:0xffffa5470000]     1501 ms: Scavenge (during sweeping) 115.9 (118.2) -> 115.8 (118.7) MB, pooled: 0.0 MB, 1.66 / 0.00 ms (average mu = 0.383, current mu = 0.367) allocation failure; 
   2.27| [1:0xffffa5470000:0]     1501 ms: Young generation mutator utilization = 0.548 (mutator_speed=253684, gc_speed=307628)
   2.27| [1:0xffffa5470000]     1502 ms: Scavenge (during sweeping) 116.6 (118.9) -> 116.4 (119.4) MB, pooled: 0.0 MB, 0.92 / 0.00 ms (average mu = 0.383, current mu = 0.367) allocation failure; 
   2.27| [1:0xffffa5470000:0]     1502 ms: Young generation mutator utilization = 0.542 (mutator_speed=257526, gc_speed=305242)
   2.27| [1:0xffffa5470000]     1504 ms: Scavenge (during sweeping) 117.2 (119.7) -> 117.1 (119.9) MB, pooled: 0.0 MB, 1.80 / 0.00 ms (average mu = 0.383, current mu = 0.367) allocation failure; 
   2.27| [1:0xffffa5470000:0]     1504 ms: Young generation mutator utilization = 0.541 (mutator_speed=261027, gc_speed=307781)
   2.27| [1:0xffffa5470000]     1506 ms: Scavenge 117.9 (120.2) -> 117.7 (120.7) MB, pooled: 0.0 MB, 0.74 / 0.00 ms (average mu = 0.383, current mu = 0.367) allocation failure; 
   2.27| [1:0xffffa5470000:0]     1506 ms: Young generation mutator utilization = 0.571 (mutator_speed=263601, gc_speed=350856)
   2.27| [1:0xffffa5470000]     1507 ms: Scavenge 118.6 (120.9) -> 118.4 (121.4) MB, pooled: 0.0 MB, 0.82 / 0.00 ms (average mu = 0.383, current mu = 0.367) allocation failure; 
   2.27| [1:0xffffa5470000:0]     1507 ms: Young generation mutator utilization = 0.616 (mutator_speed=267277, gc_speed=428999)
   2.27| [1:0xffffa5470000]     1509 ms: Scavenge 119.2 (121.4) -> 119.1 (121.9) MB, pooled: 0.0 MB, 1.05 / 0.00 ms (average mu = 0.383, current mu = 0.367) allocation failure; 
   2.27| [1:0xffffa5470000:0]     1509 ms: Young generation mutator utilization = 0.636 (mutator_speed=269991, gc_speed=471263)
   2.28| [1:0xffffa5470000]     1510 ms: Scavenge 119.9 (122.2) -> 119.8 (122.7) MB, pooled: 0.0 MB, 1.13 / 0.00 ms (average mu = 0.383, current mu = 0.367) allocation failure; 
   2.28| [1:0xffffa5470000:0]     1510 ms: Young generation mutator utilization = 0.662 (mutator_speed=273833, gc_speed=537507)
   2.28| [1:0xffffa5470000]     1513 ms: Scavenge 120.7 (123.1) -> 120.6 (123.6) MB, pooled: 0.0 MB, 1.15 / 0.00 ms (average mu = 0.383, current mu = 0.367) allocation failure; 
   2.28| [1:0xffffa5470000:0]     1513 ms: Young generation mutator utilization = 0.689 (mutator_speed=275215, gc_speed=608603)
   2.28| [1:0xffffa5470000]     1514 ms: Scavenge 121.4 (123.8) -> 121.2 (124.6) MB, pooled: 0.0 MB, 0.74 / 0.00 ms (average mu = 0.383, current mu = 0.367) allocation failure; 
   2.28| [1:0xffffa5470000:0]     1514 ms: Young generation mutator utilization = 0.729 (mutator_speed=278693, gc_speed=747853)
   2.28| [1:0xffffa5470000]     1515 ms: Scavenge 122.0 (124.6) -> 121.8 (125.1) MB, pooled: 0.0 MB, 0.56 / 0.00 ms (average mu = 0.383, current mu = 0.367) allocation failure; 
   2.28| [1:0xffffa5470000:0]     1515 ms: Young generation mutator utilization = 0.745 (mutator_speed=281993, gc_speed=824628)
   2.28| [1:0xffffa5470000]     1517 ms: Scavenge 122.7 (125.1) -> 122.4 (125.3) MB, pooled: 0.0 MB, 2.13 / 0.00 ms (average mu = 0.383, current mu = 0.367) allocation failure; 
   2.28| [1:0xffffa5470000:0]     1517 ms: Young generation mutator utilization = 0.734 (mutator_speed=285686, gc_speed=787107)
   2.29| [1:0xffffa5470000]     1518 ms: Scavenge 123.3 (125.6) -> 123.1 (126.1) MB, pooled: 0.0 MB, 0.99 / 0.00 ms (average mu = 0.383, current mu = 0.367) allocation failure; 
   2.29| [1:0xffffa5470000:0]     1518 ms: Young generation mutator utilization = 0.731 (mutator_speed=289278, gc_speed=785291)
   2.29| [1:0xffffa5470000]     1520 ms: Scavenge 124.0 (126.3) -> 123.8 (126.6) MB, pooled: 0.0 MB, 1.05 / 0.00 ms (average mu = 0.383, current mu = 0.367) allocation failure; 
   2.29| [1:0xffffa5470000:0]     1520 ms: Young generation mutator utilization = 0.742 (mutator_speed=292629, gc_speed=843205)
   2.29| [1:0xffffa5470000]     1521 ms: Scavenge 124.6 (126.8) -> 124.5 (127.6) MB, pooled: 0.0 MB, 1.03 / 0.00 ms (average mu = 0.383, current mu = 0.367) allocation failure; 
   2.29| [1:0xffffa5470000:0]     1521 ms: Young generation mutator utilization = 0.735 (mutator_speed=295857, gc_speed=822112)
   2.30| [1:0xffffa5470000]     1524 ms: Scavenge 125.3 (127.6) -> 125.1 (128.1) MB, pooled: 0.0 MB, 1.30 / 0.00 ms (average mu = 0.383, current mu = 0.367) allocation failure; 
   2.30| [1:0xffffa5470000:0]     1524 ms: Young generation mutator utilization = 0.726 (mutator_speed=297217, gc_speed=785894)
   2.50| [1:0xffffa5470000]     1731 ms: Incremental Mark-Compact (reduce) 129.1 (131.5) -> 128.4 (130.5) MB, pooled: 0.0 MB, 166.22 / 0.00 ms (+ 1.7 ms in 40 steps since start of marking, biggest step 1.0 ms, walltime since start of marking 207 ms) (average mu = 0.335, current mu = 0.300) allocation failure; GC in old space requested
   2.50| [1:0xffffa5470000]     1733 ms: Scavenge (during sweeping) 129.1 (130.5) -> 128.9 (131.0) MB, pooled: 0.0 MB, 1.34 / 0.00 ms (average mu = 0.335, current mu = 0.300) allocation failure; 
   2.50| [1:0xffffa5470000:0]     1733 ms: Young generation mutator utilization = 0.747 (mutator_speed=243347, gc_speed=720053)
   2.51| [1:0xffffa5470000]     1738 ms: Scavenge (during sweeping) 129.9 (131.8) -> 129.7 (132.3) MB, pooled: 0.0 MB, 3.22 / 0.00 ms (average mu = 0.335, current mu = 0.300) allocation failure; 
   2.51| [1:0xffffa5470000:0]     1738 ms: Young generation mutator utilization = 0.710 (mutator_speed=245881, gc_speed=602009)
   2.51| [1:0xffffa5470000]     1739 ms: Scavenge (during sweeping) 130.4 (132.8) -> 130.3 (133.3) MB, pooled: 0.0 MB, 1.32 / 0.00 ms (average mu = 0.335, current mu = 0.300) allocation failure; 
   2.51| [1:0xffffa5470000:0]     1739 ms: Young generation mutator utilization = 0.700 (mutator_speed=248861, gc_speed=579562)
   2.51| [1:0xffffa5470000]     1741 ms: Scavenge (during sweeping) 131.1 (133.5) -> 131.0 (133.8) MB, pooled: 0.0 MB, 1.55 / 0.00 ms (average mu = 0.335, current mu = 0.300) allocation failure; 
   2.52| [1:0xffffa5470000:0]     1742 ms: Young generation mutator utilization = 0.686 (mutator_speed=252323, gc_speed=550453)
   2.52| [1:0xffffa5470000]     1744 ms: Scavenge (during sweeping) 131.7 (134.0) -> 131.6 (134.5) MB, pooled: 0.0 MB, 1.49 / 0.00 ms (average mu = 0.335, current mu = 0.300) allocation failure; 
   2.52| [1:0xffffa5470000:0]     1744 ms: Young generation mutator utilization = 0.672 (mutator_speed=254980, gc_speed=522854)
   2.52| [1:0xffffa5470000]     1748 ms: Scavenge (during sweeping) 132.4 (134.8) -> 132.3 (135.3) MB, pooled: 0.0 MB, 3.85 / 0.00 ms (average mu = 0.335, current mu = 0.300) allocation failure; 
   2.52| [1:0xffffa5470000:0]     1748 ms: Young generation mutator utilization = 0.647 (mutator_speed=257995, gc_speed=473890)
   2.52| [1:0xffffa5470000]     1752 ms: Scavenge (during sweeping) 133.0 (135.5) -> 132.9 (136.0) MB, pooled: 0.0 MB, 2.88 / 0.00 ms (average mu = 0.335, current mu = 0.300) allocation failure; 
   2.52| [1:0xffffa5470000:0]     1752 ms: Young generation mutator utilization = 0.622 (mutator_speed=260610, gc_speed=428702)
   2.52| [1:0xffffa5470000]     1756 ms: Scavenge 133.5 (136.0) -> 133.4 (136.8) MB, pooled: 0.0 MB, 0.64 / 0.00 ms (average mu = 0.335, current mu = 0.300) allocation failure; 
   2.53| [1:0xffffa5470000:0]     1756 ms: Young generation mutator utilization = 0.627 (mutator_speed=256641, gc_speed=432110)
   2.53| [1:0xffffa5470000]     1758 ms: Scavenge 134.5 (136.9) -> 134.3 (137.7) MB, pooled: 0.0 MB, 0.76 / 0.00 ms (average mu = 0.335, current mu = 0.300) allocation failure; 
   2.53| [1:0xffffa5470000:0]     1758 ms: Young generation mutator utilization = 0.629 (mutator_speed=259872, gc_speed=440594)
   2.53| [1:0xffffa5470000]     1759 ms: Scavenge 135.0 (137.7) -> 134.8 (138.2) MB, pooled: 0.0 MB, 0.80 / 0.00 ms (average mu = 0.335, current mu = 0.300) allocation failure; 
   2.53| [1:0xffffa5470000:0]     1759 ms: Young generation mutator utilization = 0.630 (mutator_speed=263083, gc_speed=448699)
   2.53| [1:0xffffa5470000]     1760 ms: Scavenge 135.7 (138.2) -> 135.5 (138.4) MB, pooled: 0.0 MB, 0.78 / 0.00 ms (average mu = 0.335, current mu = 0.300) allocation failure; 
   2.53| [1:0xffffa5470000:0]     1760 ms: Young generation mutator utilization = 0.647 (mutator_speed=266708, gc_speed=488851)
   2.53| [1:0xffffa5470000]     1761 ms: Scavenge 136.3 (138.7) -> 136.1 (139.2) MB, pooled: 0.0 MB, 0.71 / 0.00 ms (average mu = 0.335, current mu = 0.300) allocation failure; 
   2.53| [1:0xffffa5470000:0]     1761 ms: Young generation mutator utilization = 0.680 (mutator_speed=269788, gc_speed=572555)
   2.54| [1:0xffffa5470000]     1763 ms: Scavenge 137.0 (139.4) -> 136.8 (139.7) MB, pooled: 0.0 MB, 1.30 / 0.00 ms (average mu = 0.335, current mu = 0.300) allocation failure; 
   2.54| [1:0xffffa5470000:0]     1763 ms: Young generation mutator utilization = 0.677 (mutator_speed=273277, gc_speed=572806)
   2.54| [1:0xffffa5470000]     1768 ms: Scavenge 137.6 (139.9) -> 137.4 (140.7) MB, pooled: 0.0 MB, 4.05 / 0.00 ms (average mu = 0.335, current mu = 0.300) allocation failure; 
   2.54| [1:0xffffa5470000:0]     1768 ms: Young generation mutator utilization = 0.640 (mutator_speed=276405, gc_speed=490953)
   2.54| [1:0xffffa5470000]     1774 ms: Scavenge 138.2 (140.7) -> 138.1 (140.9) MB, pooled: 0.0 MB, 6.33 / 0.00 ms (average mu = 0.335, current mu = 0.300) allocation failure; 
   2.54| [1:0xffffa5470000:0]     1774 ms: Young generation mutator utilization = 0.578 (mutator_speed=279553, gc_speed=383317)
   2.55| [1:0xffffa5470000]     1779 ms: Scavenge 138.9 (141.2) -> 138.7 (141.7) MB, pooled: 0.0 MB, 1.60 / 0.00 ms (average mu = 0.335, current mu = 0.300) allocation failure; 
   2.55| [1:0xffffa5470000:0]     1779 ms: Young generation mutator utilization = 0.606 (mutator_speed=276984, gc_speed=426299)
   2.56| [1:0xffffa5470000]     1789 ms: Scavenge 139.6 (141.9) -> 139.4 (142.4) MB, pooled: 0.0 MB, 9.28 / 0.00 ms (average mu = 0.335, current mu = 0.300) allocation failure; 
   2.56| [1:0xffffa5470000:0]     1789 ms: Young generation mutator utilization = 0.535 (mutator_speed=280354, gc_speed=322838)
   2.56| [1:0xffffa5470000]     1791 ms: Scavenge 140.4 (142.8) -> 140.3 (143.3) MB, pooled: 0.0 MB, 1.34 / 0.00 ms (average mu = 0.335, current mu = 0.300) allocation failure; 
   2.56| [1:0xffffa5470000:0]     1791 ms: Young generation mutator utilization = 0.535 (mutator_speed=282907, gc_speed=325162)
   2.56| [1:0xffffa5470000]     1793 ms: Scavenge 141.0 (143.3) -> 140.8 (144.1) MB, pooled: 0.0 MB, 2.10 / 0.00 ms (average mu = 0.335, current mu = 0.300) allocation failure; 
   2.57| [1:0xffffa5470000:0]     1794 ms: Young generation mutator utilization = 0.516 (mutator_speed=286172, gc_speed=305066)
   2.57| [1:0xffffa5470000]     1797 ms: Scavenge 141.7 (144.1) -> 141.6 (144.6) MB, pooled: 0.0 MB, 3.16 / 0.00 ms (average mu = 0.335, current mu = 0.300) allocation failure; 
   2.57| [1:0xffffa5470000:0]     1797 ms: Young generation mutator utilization = 0.493 (mutator_speed=289750, gc_speed=282303)
   2.78| [1:0xffffa5470000]     2016 ms: Incremental Mark-Compact (reduce) 144.0 (146.3) -> 143.4 (145.3) MB, pooled: 0.0 MB, 163.88 / 0.00 ms (+ 11.3 ms in 29 steps since start of marking, biggest step 4.5 ms, walltime since start of marking 219 ms) (average mu = 0.364, current mu = 0.385) allocation failure; GC in old space requested
   2.79| [1:0xffffa5470000]     2022 ms: Scavenge (during sweeping) 144.1 (145.6) -> 144.0 (146.1) MB, pooled: 0.0 MB, 5.10 / 0.00 ms (average mu = 0.364, current mu = 0.385) allocation failure; 
   2.79| [1:0xffffa5470000:0]     2022 ms: Young generation mutator utilization = 0.527 (mutator_speed=211371, gc_speed=235973)
   2.81| [1:0xffffa5470000]     2040 ms: Scavenge (during sweeping) 144.9 (146.8) -> 144.7 (147.1) MB, pooled: 0.0 MB, 17.12 / 0.00 ms (average mu = 0.364, current mu = 0.385) allocation failure; 
   2.81| [1:0xffffa5470000:0]     2041 ms: Young generation mutator utilization = 0.431 (mutator_speed=212951, gc_speed=161607)
   2.82| [1:0xffffa5470000]     2048 ms: Scavenge (during sweeping) 145.5 (147.8) -> 145.4 (148.3) MB, pooled: 0.0 MB, 6.62 / 0.00 ms (average mu = 0.364, current mu = 0.385) allocation failure; 
   2.82| [1:0xffffa5470000:0]     2048 ms: Young generation mutator utilization = 0.406 (mutator_speed=215695, gc_speed=147299)
   2.83| [1:0xffffa5470000]     2056 ms: Scavenge (during sweeping) 146.2 (148.6) -> 146.1 (149.1) MB, pooled: 0.0 MB, 8.01 / 0.00 ms (average mu = 0.364, current mu = 0.385) allocation failure; 
   2.83| [1:0xffffa5470000:0]     2056 ms: Young generation mutator utilization = 0.385 (mutator_speed=219285, gc_speed=137395)
   2.83| [1:0xffffa5470000]     2060 ms: Scavenge (during sweeping) 146.8 (149.1) -> 146.7 (149.6) MB, pooled: 0.0 MB, 3.10 / 0.00 ms (average mu = 0.364, current mu = 0.385) allocation failure; 
   2.83| [1:0xffffa5470000:0]     2060 ms: Young generation mutator utilization = 0.395 (mutator_speed=221692, gc_speed=145001)
   2.83| [1:0xffffa5470000]     2065 ms: Scavenge (during sweeping) 147.6 (150.0) -> 147.5 (150.5) MB, pooled: 0.0 MB, 2.92 / 0.00 ms (average mu = 0.364, current mu = 0.385) allocation failure; 
   2.83| [1:0xffffa5470000:0]     2065 ms: Young generation mutator utilization = 0.392 (mutator_speed=223154, gc_speed=143848)
   2.84| [1:0xffffa5470000]     2069 ms: Scavenge 148.3 (150.7) -> 148.1 (151.2) MB, pooled: 0.0 MB, 1.84 / 0.00 ms (average mu = 0.364, current mu = 0.385) allocation failure; 
   2.84| [1:0xffffa5470000:0]     2069 ms: Young generation mutator utilization = 0.421 (mutator_speed=224407, gc_speed=163164)
   2.84| [1:0xffffa5470000]     2073 ms: Scavenge 148.9 (151.2) -> 148.7 (151.7) MB, pooled: 0.0 MB, 1.78 / 0.00 ms (average mu = 0.364, current mu = 0.385) allocation failure; 
   2.84| [1:0xffffa5470000:0]     2073 ms: Young generation mutator utilization = 0.411 (mutator_speed=224862, gc_speed=157109)
   2.84| [1:0xffffa5470000]     2075 ms: Scavenge 149.6 (152.0) -> 149.4 (152.5) MB, pooled: 0.0 MB, 1.88 / 0.00 ms (average mu = 0.364, current mu = 0.385) allocation failure; 
   2.84| [1:0xffffa5470000:0]     2075 ms: Young generation mutator utilization = 0.409 (mutator_speed=228116, gc_speed=158063)
   2.85| [1:0xffffa5470000]     2080 ms: Scavenge 150.2 (152.5) -> 150.0 (153.0) MB, pooled: 0.0 MB, 3.67 / 0.00 ms (average mu = 0.364, current mu = 0.385) allocation failure; 
   2.85| [1:0xffffa5470000:0]     2080 ms: Young generation mutator utilization = 0.404 (mutator_speed=229984, gc_speed=156033)
   2.85| [1:0xffffa5470000]     2084 ms: Scavenge 150.8 (153.2) -> 150.7 (153.7) MB, pooled: 0.0 MB, 1.88 / 0.00 ms (average mu = 0.364, current mu = 0.385) allocation failure; 
   2.85| [1:0xffffa5470000:0]     2084 ms: Young generation mutator utilization = 0.431 (mutator_speed=231884, gc_speed=175787)
   2.86| [1:0xffffa5470000]     2093 ms: Scavenge 151.4 (153.7) -> 151.3 (154.5) MB, pooled: 0.0 MB, 7.38 / 0.00 ms (average mu = 0.364, current mu = 0.385) allocation failure; 
   2.86| [1:0xffffa5470000:0]     2094 ms: Young generation mutator utilization = 0.487 (mutator_speed=231548, gc_speed=219457)
   2.86| [1:0xffffa5470000]     2096 ms: Scavenge 152.1 (154.5) -> 152.0 (155.2) MB, pooled: 0.0 MB, 1.98 / 0.00 ms (average mu = 0.364, current mu = 0.385) allocation failure; 
   2.86| [1:0xffffa5470000:0]     2096 ms: Young generation mutator utilization = 0.515 (mutator_speed=234616, gc_speed=248966)
   2.87| [1:0xffffa5470000]     2099 ms: Scavenge 152.7 (155.2) -> 152.5 (155.5) MB, pooled: 0.0 MB, 1.89 / 0.00 ms (average mu = 0.364, current mu = 0.385) allocation failure; 
   2.87| [1:0xffffa5470000:0]     2099 ms: Young generation mutator utilization = 0.560 (mutator_speed=237536, gc_speed=302562)
   2.88| [1:0xffffa5470000]     2116 ms: Scavenge 153.6 (155.9) -> 153.5 (156.6) MB, pooled: 0.0 MB, 15.28 / 0.00 ms (average mu = 0.364, current mu = 0.385) allocation failure; 
   2.88| [1:0xffffa5470000:0]     2116 ms: Young generation mutator utilization = 0.474 (mutator_speed=238978, gc_speed=215704)
   2.89| [1:0xffffa5470000]     2122 ms: Scavenge 154.2 (156.6) -> 154.0 (157.4) MB, pooled: 0.0 MB, 2.70 / 0.00 ms (average mu = 0.364, current mu = 0.385) allocation failure; 
   2.89| [1:0xffffa5470000:0]     2122 ms: Young generation mutator utilization = 0.474 (mutator_speed=237189, gc_speed=213316)
   2.90| [1:0xffffa5470000]     2129 ms: Scavenge 155.0 (157.4) -> 154.8 (157.9) MB, pooled: 0.0 MB, 2.89 / 0.00 ms (average mu = 0.364, current mu = 0.385) allocation failure; 
   2.90| [1:0xffffa5470000:0]     2129 ms: Young generation mutator utilization = 0.469 (mutator_speed=235431, gc_speed=207841)
   2.91| [1:0xffffa5470000]     2141 ms: Scavenge 155.5 (157.9) -> 155.3 (158.4) MB, pooled: 0.0 MB, 6.23 / 0.00 ms (average mu = 0.364, current mu = 0.385) allocation failure; 
   2.91| [1:0xffffa5470000:0]     2141 ms: Young generation mutator utilization = 0.450 (mutator_speed=229589, gc_speed=188222)
   2.92| [1:0xffffa5470000]     2151 ms: Scavenge 156.2 (158.6) -> 156.0 (159.1) MB, pooled: 0.0 MB, 4.21 / 0.00 ms (average mu = 0.364, current mu = 0.385) allocation failure; 
   2.92| [1:0xffffa5470000:0]     2151 ms: Young generation mutator utilization = 0.443 (mutator_speed=225417, gc_speed=178983)
   2.93| [1:0xffffa5470000]     2158 ms: Scavenge 156.8 (159.1) -> 156.6 (159.9) MB, pooled: 0.0 MB, 4.11 / 0.00 ms (average mu = 0.364, current mu = 0.385) allocation failure; 
   2.93| [1:0xffffa5470000:0]     2158 ms: Young generation mutator utilization = 0.443 (mutator_speed=223968, gc_speed=177928)
   2.93| [1:0xffffa5470000]     2166 ms: Scavenge 157.5 (159.9) -> 157.3 (160.4) MB, pooled: 0.0 MB, 6.00 / 0.00 ms (average mu = 0.364, current mu = 0.385) allocation failure; 
   2.93| [1:0xffffa5470000:0]     2166 ms: Young generation mutator utilization = 0.421 (mutator_speed=225279, gc_speed=163882)
   2.95| [1:0xffffa5470000]     2182 ms: Scavenge 158.1 (160.4) -> 157.9 (160.9) MB, pooled: 0.0 MB, 12.21 / 0.00 ms (average mu = 0.364, current mu = 0.385) allocation failure; 
   2.95| [1:0xffffa5470000:0]     2182 ms: Young generation mutator utilization = 0.402 (mutator_speed=223742, gc_speed=150459)
   3.16| [1:0xffffa5470000]     2386 ms: Incremental Mark-Compact (reduce) 160.9 (163.3) -> 160.4 (162.5) MB, pooled: 0.0 MB, 159.70 / 0.00 ms (+ 4.0 ms in 36 steps since start of marking, biggest step 3.2 ms, walltime since start of marking 205 ms) (average mu = 0.481, current mu = 0.559) allocation failure; GC in old space requested
   3.16| [1:0xffffa5470000]     2387 ms: Scavenge (during sweeping) 161.1 (162.5) -> 161.0 (163.0) MB, pooled: 0.0 MB, 0.58 / 0.00 ms (average mu = 0.481, current mu = 0.559) allocation failure; 
   3.16| [1:0xffffa5470000:0]     2387 ms: Young generation mutator utilization = 0.447 (mutator_speed=179225, gc_speed=144807)
   3.16| [1:0xffffa5470000]     2396 ms: Scavenge (during sweeping) 161.9 (163.8) -> 161.7 (164.0) MB, pooled: 0.0 MB, 4.88 / 0.00 ms (average mu = 0.481, current mu = 0.559) allocation failure; 
   3.16| [1:0xffffa5470000:0]     2396 ms: Young generation mutator utilization = 0.433 (mutator_speed=178831, gc_speed=136425)
   3.17| [1:0xffffa5470000]     2398 ms: Scavenge (during sweeping) 162.4 (164.8) -> 162.3 (165.3) MB, pooled: 0.0 MB, 1.60 / 0.00 ms (average mu = 0.481, current mu = 0.559) allocation failure; 
   3.17| [1:0xffffa5470000:0]     2398 ms: Young generation mutator utilization = 0.487 (mutator_speed=181915, gc_speed=172904)
   3.17| [1:0xffffa5470000]     2400 ms: Scavenge (during sweeping) 163.1 (165.5) -> 162.9 (165.8) MB, pooled: 0.0 MB, 1.02 / 0.00 ms (average mu = 0.481, current mu = 0.559) allocation failure; 
   3.17| [1:0xffffa5470000:0]     2400 ms: Young generation mutator utilization = 0.491 (mutator_speed=185637, gc_speed=178949)
   3.17| [1:0xffffa5470000]     2404 ms: Scavenge (during sweeping) 163.7 (166.0) -> 163.6 (166.5) MB, pooled: 0.0 MB, 2.17 / 0.00 ms (average mu = 0.481, current mu = 0.559) allocation failure; 
   3.18| [1:0xffffa5470000:0]     2404 ms: Young generation mutator utilization = 0.494 (mutator_speed=188001, gc_speed=183364)
   3.18| [1:0xffffa5470000]     2405 ms: Scavenge (during sweeping) 164.4 (166.8) -> 164.3 (167.3) MB, pooled: 0.0 MB, 1.22 / 0.00 ms (average mu = 0.481, current mu = 0.559) allocation failure; 
   3.18| [1:0xffffa5470000:0]     2405 ms: Young generation mutator utilization = 0.522 (mutator_speed=191205, gc_speed=208594)
   3.18| [1:0xffffa5470000]     2407 ms: Scavenge (during sweeping) 165.1 (167.5) -> 164.9 (167.8) MB, pooled: 0.0 MB, 1.70 / 0.00 ms (average mu = 0.481, current mu = 0.559) allocation failure; 
   3.18| [1:0xffffa5470000:0]     2407 ms: Young generation mutator utilization = 0.536 (mutator_speed=194824, gc_speed=225154)
   3.18| [1:0xffffa5470000]     2412 ms: Scavenge (during sweeping) 165.7 (168.0) -> 165.6 (168.5) MB, pooled: 0.0 MB, 3.89 / 0.00 ms (average mu = 0.481, current mu = 0.559) allocation failure; 
   3.19| [1:0xffffa5470000:0]     2412 ms: Young generation mutator utilization = 0.535 (mutator_speed=198172, gc_speed=227746)
   3.19| [1:0xffffa5470000]     2417 ms: Scavenge (during sweeping) 166.4 (168.8) -> 166.2 (169.3) MB, pooled: 0.0 MB, 4.32 / 0.00 ms (average mu = 0.481, current mu = 0.559) allocation failure; 
   3.19| [1:0xffffa5470000:0]     2417 ms: Young generation mutator utilization = 0.544 (mutator_speed=201214, gc_speed=239777)
   3.19| [1:0xffffa5470000]     2418 ms: Scavenge (during sweeping) 167.2 (169.7) -> 167.0 (170.2) MB, pooled: 0.0 MB, 0.79 / 0.00 ms (average mu = 0.481, current mu = 0.559) allocation failure; 
   3.19| [1:0xffffa5470000:0]     2419 ms: Young generation mutator utilization = 0.645 (mutator_speed=204116, gc_speed=370346)
   3.19| [1:0xffffa5470000]     2423 ms: Scavenge (during sweeping) 167.8 (170.2) -> 167.6 (170.9) MB, pooled: 0.0 MB, 3.38 / 0.00 ms (average mu = 0.481, current mu = 0.559) allocation failure; 
   3.20| [1:0xffffa5470000:0]     2423 ms: Young generation mutator utilization = 0.627 (mutator_speed=206547, gc_speed=347671)
   3.20| [1:0xffffa5470000]     2424 ms: Scavenge (during sweeping) 168.5 (170.9) -> 168.3 (171.4) MB, pooled: 0.0 MB, 0.84 / 0.00 ms (average mu = 0.481, current mu = 0.559) allocation failure; 
   3.20| [1:0xffffa5470000:0]     2424 ms: Young generation mutator utilization = 0.664 (mutator_speed=210542, gc_speed=416164)
   3.20| [1:0xffffa5470000]     2426 ms: Scavenge (during sweeping) 169.1 (171.4) -> 169.0 (171.9) MB, pooled: 0.0 MB, 1.02 / 0.00 ms (average mu = 0.481, current mu = 0.559) allocation failure; 
   3.20| [1:0xffffa5470000:0]     2426 ms: Young generation mutator utilization = 0.667 (mutator_speed=214159, gc_speed=428937)
   3.20| [1:0xffffa5470000]     2427 ms: Scavenge (during sweeping) 169.8 (172.2) -> 169.7 (172.9) MB, pooled: 0.0 MB, 0.65 / 0.00 ms (average mu = 0.481, current mu = 0.559) allocation failure; 
   3.21| [1:0xffffa5470000:0]     2427 ms: Young generation mutator utilization = 0.668 (mutator_speed=217933, gc_speed=438362)
   3.21| [1:0xffffa5470000]     2428 ms: Scavenge (during sweeping) 170.4 (172.9) -> 170.3 (173.4) MB, pooled: 0.0 MB, 1.46 / 0.00 ms (average mu = 0.481, current mu = 0.559) allocation failure; 
   3.21| [1:0xffffa5470000:0]     2428 ms: Young generation mutator utilization = 0.671 (mutator_speed=221291, gc_speed=452242)
   3.21| [1:0xffffa5470000]     2430 ms: Scavenge (during sweeping) 171.1 (173.4) -> 170.9 (173.9) MB, pooled: 0.0 MB, 0.92 / 0.00 ms (average mu = 0.481, current mu = 0.559) allocation failure; 
   3.21| [1:0xffffa5470000:0]     2430 ms: Young generation mutator utilization = 0.670 (mutator_speed=224997, gc_speed=457773)
   3.21| [1:0xffffa5470000]     2431 ms: Scavenge (during sweeping) 171.7 (174.2) -> 171.6 (174.7) MB, pooled: 0.0 MB, 0.61 / 0.00 ms (average mu = 0.481, current mu = 0.559) allocation failure; 
   3.21| [1:0xffffa5470000:0]     2431 ms: Young generation mutator utilization = 0.681 (mutator_speed=228536, gc_speed=486763)
   3.21| [1:0xffffa5470000]     2435 ms: Scavenge (during sweeping) 172.4 (174.7) -> 172.2 (175.2) MB, pooled: 0.0 MB, 1.13 / 0.00 ms (average mu = 0.481, current mu = 0.559) allocation failure; 
   3.21| [1:0xffffa5470000:0]     2435 ms: Young generation mutator utilization = 0.716 (mutator_speed=227771, gc_speed=574714)
   3.21| [1:0xffffa5470000]     2436 ms: Scavenge 173.1 (175.4) -> 172.9 (176.2) MB, pooled: 0.0 MB, 0.75 / 0.00 ms (average mu = 0.481, current mu = 0.559) allocation failure; 
   3.21| [1:0xffffa5470000:0]     2436 ms: Young generation mutator utilization = 0.765 (mutator_speed=231491, gc_speed=753257)
   3.21| [1:0xffffa5470000]     2437 ms: Scavenge 173.8 (176.3) -> 173.7 (176.8) MB, pooled: 0.0 MB, 0.52 / 0.00 ms (average mu = 0.481, current mu = 0.559) allocation failure; 
   3.21| [1:0xffffa5470000:0]     2437 ms: Young generation mutator utilization = 0.767 (mutator_speed=234815, gc_speed=770941)
   3.21| [1:0xffffa5470000]     2438 ms: Scavenge 174.5 (176.8) -> 174.3 (177.6) MB, pooled: 0.0 MB, 0.89 / 0.00 ms (average mu = 0.481, current mu = 0.559) allocation failure; 
   3.21| [1:0xffffa5470000:0]     2438 ms: Young generation mutator utilization = 0.805 (mutator_speed=238451, gc_speed=987023)
   3.21| [1:0xffffa5470000]     2439 ms: Scavenge 175.2 (177.6) -> 175.0 (178.1) MB, pooled: 0.0 MB, 0.58 / 0.00 ms (average mu = 0.481, current mu = 0.559) allocation failure; 
   3.21| [1:0xffffa5470000:0]     2439 ms: Young generation mutator utilization = 0.808 (mutator_speed=242163, gc_speed=1016595)
   3.21| [1:0xffffa5470000]     2440 ms: Scavenge 175.8 (178.1) -> 175.6 (178.6) MB, pooled: 0.0 MB, 0.72 / 0.00 ms (average mu = 0.481, current mu = 0.559) allocation failure; 
   3.21| [1:0xffffa5470000:0]     2440 ms: Young generation mutator utilization = 0.810 (mutator_speed=245686, gc_speed=1050001)
   3.21| [1:0xffffa5470000]     2441 ms: Scavenge 176.5 (178.8) -> 176.2 (179.3) MB, pooled: 0.0 MB, 0.85 / 0.00 ms (average mu = 0.481, current mu = 0.559) allocation failure; 
   3.21| [1:0xffffa5470000:0]     2441 ms: Young generation mutator utilization = 0.804 (mutator_speed=249318, gc_speed=1021097)
   3.38| [1:0xffffa5470000]     2616 ms: Incremental Mark-Compact (reduce) 180.3 (182.8) -> 179.6 (181.8) MB, pooled: 0.0 MB, 167.20 / 0.00 ms (+ 0.3 ms in 39 steps since start of marking, biggest step 0.1 ms, walltime since start of marking 174 ms) (average mu = 0.391, current mu = 0.270) allocation failure; GC in old space requested
   3.39| [1:0xffffa5470000]     2620 ms: Scavenge (during sweeping) 180.5 (182.0) -> 180.4 (182.5) MB, pooled: 0.0 MB, 0.66 / 0.00 ms (average mu = 0.391, current mu = 0.270) allocation failure; 
   3.39| [1:0xffffa5470000:0]     2621 ms: Young generation mutator utilization = 0.811 (mutator_speed=254003, gc_speed=1088176)
   3.39| [1:0xffffa5470000]     2624 ms: Scavenge (during sweeping) 181.3 (183.3) -> 181.1 (183.8) MB, pooled: 0.0 MB, 1.88 / 0.00 ms (average mu = 0.391, current mu = 0.270) allocation failure; 
   3.39| [1:0xffffa5470000:0]     2626 ms: Young generation mutator utilization = 0.790 (mutator_speed=255138, gc_speed=962176)
   3.40| [1:0xffffa5470000]     2631 ms: Scavenge (during sweeping) 181.8 (184.3) -> 181.7 (184.8) MB, pooled: 0.0 MB, 2.54 / 0.00 ms (average mu = 0.391, current mu = 0.270) allocation failure; 
   3.40| [1:0xffffa5470000:0]     2633 ms: Young generation mutator utilization = 0.757 (mutator_speed=250897, gc_speed=779531)
   3.48| [1:0xffffa5470000]     2641 ms: Scavenge (during sweeping) 182.5 (185.0) -> 182.3 (185.3) MB, pooled: 0.0 MB, 2.00 / 0.00 ms (average mu = 0.391, current mu = 0.270) allocation failure; 
   3.48| [1:0xffffa5470000:0]     2641 ms: Young generation mutator utilization = 0.747 (mutator_speed=242400, gc_speed=715474)
   3.48| [1:0xffffa5470000]     2643 ms: Scavenge (during sweeping) 183.1 (185.5) -> 183.0 (186.0) MB, pooled: 0.0 MB, 1.45 / 0.00 ms (average mu = 0.391, current mu = 0.270) allocation failure; 
   3.48| [1:0xffffa5470000:0]     2643 ms: Young generation mutator utilization = 0.732 (mutator_speed=244980, gc_speed=668858)
   3.48| [1:0xffffa5470000]     2647 ms: Scavenge 183.8 (186.3) -> 183.7 (186.8) MB, pooled: 0.0 MB, 2.35 / 0.00 ms (average mu = 0.391, current mu = 0.270) allocation failure; 
   3.48| [1:0xffffa5470000:0]     2647 ms: Young generation mutator utilization = 0.698 (mutator_speed=246053, gc_speed=567461)
   3.48| [1:0xffffa5470000]     2652 ms: Scavenge 184.4 (186.8) -> 184.2 (187.5) MB, pooled: 0.0 MB, 2.81 / 0.00 ms (average mu = 0.391, current mu = 0.270) allocation failure; 
   3.48| [1:0xffffa5470000:0]     2652 ms: Young generation mutator utilization = 0.671 (mutator_speed=246648, gc_speed=502063)
   3.48| [1:0xffffa5470000]     2653 ms: Scavenge 185.1 (187.5) -> 184.9 (187.8) MB, pooled: 0.0 MB, 1.15 / 0.00 ms (average mu = 0.391, current mu = 0.270) allocation failure; 
   3.48| [1:0xffffa5470000:0]     2654 ms: Young generation mutator utilization = 0.661 (mutator_speed=249963, gc_speed=487765)
   3.48| [1:0xffffa5470000]     2656 ms: Scavenge 185.7 (188.0) -> 185.6 (188.8) MB, pooled: 0.0 MB, 1.67 / 0.00 ms (average mu = 0.391, current mu = 0.270) allocation failure; 
   3.48| [1:0xffffa5470000:0]     2656 ms: Young generation mutator utilization = 0.648 (mutator_speed=253207, gc_speed=466133)
   3.48| [1:0xffffa5470000]     2659 ms: Scavenge 186.4 (188.8) -> 186.3 (189.5) MB, pooled: 0.0 MB, 2.42 / 0.00 ms (average mu = 0.391, current mu = 0.270) allocation failure; 
   3.48| [1:0xffffa5470000:0]     2659 ms: Young generation mutator utilization = 0.627 (mutator_speed=256552, gc_speed=432116)
   3.48| [1:0xffffa5470000]     2661 ms: Scavenge 187.2 (189.7) -> 187.1 (190.2) MB, pooled: 0.0 MB, 1.45 / 0.00 ms (average mu = 0.391, current mu = 0.270) allocation failure; 
   3.48| [1:0xffffa5470000:0]     2661 ms: Young generation mutator utilization = 0.630 (mutator_speed=257910, gc_speed=439167)
   3.48| [1:0xffffa5470000]     2671 ms: Scavenge 187.9 (190.4) -> 187.7 (190.9) MB, pooled: 0.0 MB, 8.50 / 0.00 ms (average mu = 0.391, current mu = 0.270) allocation failure; 
   3.48| [1:0xffffa5470000:0]     2671 ms: Young generation mutator utilization = 0.558 (mutator_speed=259962, gc_speed=328816)
   3.48| [1:0xffffa5470000]     2672 ms: Scavenge 188.5 (190.9) -> 188.3 (191.4) MB, pooled: 0.0 MB, 0.76 / 0.00 ms (average mu = 0.391, current mu = 0.270) allocation failure; 
   3.48| [1:0xffffa5470000:0]     2672 ms: Young generation mutator utilization = 0.572 (mutator_speed=263063, gc_speed=351858)
   3.48| [1:0xffffa5470000]     2674 ms: Scavenge 189.2 (191.7) -> 189.0 (191.9) MB, pooled: 0.0 MB, 0.98 / 0.00 ms (average mu = 0.391, current mu = 0.270) allocation failure; 
   3.48| [1:0xffffa5470000:0]     2674 ms: Young generation mutator utilization = 0.580 (mutator_speed=266030, gc_speed=366999)
   3.48| [1:0xffffa5470000]     2676 ms: Scavenge 189.8 (192.2) -> 189.6 (192.7) MB, pooled: 0.0 MB, 0.92 / 0.00 ms (average mu = 0.391, current mu = 0.270) allocation failure; 
   3.48| [1:0xffffa5470000:0]     2676 ms: Young generation mutator utilization = 0.583 (mutator_speed=268742, gc_speed=375285)
   3.48| [1:0xffffa5470000]     2680 ms: Scavenge 190.4 (192.9) -> 190.2 (193.2) MB, pooled: 0.0 MB, 1.60 / 0.00 ms (average mu = 0.391, current mu = 0.270) allocation failure; 
   3.48| [1:0xffffa5470000:0]     2680 ms: Young generation mutator utilization = 0.592 (mutator_speed=267537, gc_speed=387867)
   3.48| [1:0xffffa5470000]     2683 ms: Scavenge 191.1 (193.4) -> 190.9 (194.2) MB, pooled: 0.0 MB, 1.31 / 0.00 ms (average mu = 0.391, current mu = 0.270) allocation failure; 
   3.48| [1:0xffffa5470000:0]     2683 ms: Young generation mutator utilization = 0.608 (mutator_speed=269355, gc_speed=417422)
   3.48| [1:0xffffa5470000]     2692 ms: Scavenge 191.7 (194.2) -> 191.6 (194.7) MB, pooled: 0.0 MB, 9.06 / 0.00 ms (average mu = 0.391, current mu = 0.270) allocation failure; 
   3.48| [1:0xffffa5470000:0]     2692 ms: Young generation mutator utilization = 0.526 (mutator_speed=272391, gc_speed=302156)
   3.48| [1:0xffffa5470000]     2696 ms: Scavenge 192.4 (194.7) -> 192.2 (195.4) MB, pooled: 0.0 MB, 3.58 / 0.00 ms (average mu = 0.391, current mu = 0.270) allocation failure; 
   3.48| [1:0xffffa5470000:0]     2696 ms: Young generation mutator utilization = 0.506 (mutator_speed=275890, gc_speed=282198)
   3.48| [1:0xffffa5470000]     2700 ms: Scavenge 193.0 (195.4) -> 192.9 (196.2) MB, pooled: 0.0 MB, 3.42 / 0.00 ms (average mu = 0.391, current mu = 0.270) allocation failure; 
   3.48| [1:0xffffa5470000:0]     2700 ms: Young generation mutator utilization = 0.495 (mutator_speed=278875, gc_speed=272944)
   3.48| [1:0xffffa5470000]     2707 ms: Scavenge 193.8 (196.3) -> 193.7 (196.8) MB, pooled: 0.0 MB, 3.64 / 0.00 ms (average mu = 0.391, current mu = 0.270) allocation failure; 
   3.48| [1:0xffffa5470000:0]     2707 ms: Young generation mutator utilization = 0.480 (mutator_speed=275907, gc_speed=255156)
   3.48| [1:0xffffa5470000]     2712 ms: Scavenge 194.5 (196.8) -> 194.3 (197.6) MB, pooled: 0.0 MB, 2.46 / 0.00 ms (average mu = 0.391, current mu = 0.270) allocation failure; 
   3.48| [1:0xffffa5470000:0]     2712 ms: Young generation mutator utilization = 0.530 (mutator_speed=276542, gc_speed=311373)
   3.48| [1:0xffffa5470000]     2716 ms: Scavenge 195.1 (197.6) -> 195.0 (198.1) MB, pooled: 0.0 MB, 3.45 / 0.00 ms (average mu = 0.391, current mu = 0.270) allocation failure; 
   3.48| [1:0xffffa5470000:0]     2716 ms: Young generation mutator utilization = 0.505 (mutator_speed=278219, gc_speed=284110)
   3.49| [1:0xffffa5470000]     2722 ms: Scavenge 195.8 (198.3) -> 195.6 (198.6) MB, pooled: 0.0 MB, 2.86 / 0.00 ms (average mu = 0.391, current mu = 0.270) allocation failure; 
   3.49| [1:0xffffa5470000:0]     2722 ms: Young generation mutator utilization = 0.491 (mutator_speed=277286, gc_speed=267387)
   3.49| [1:0xffffa5470000]     2726 ms: Scavenge 196.4 (198.8) -> 196.2 (199.3) MB, pooled: 0.0 MB, 2.83 / 0.00 ms (average mu = 0.391, current mu = 0.270) allocation failure; 
   3.49| [1:0xffffa5470000:0]     2726 ms: Young generation mutator utilization = 0.475 (mutator_speed=278500, gc_speed=252286)
   3.50| [1:0xffffa5470000]     2731 ms: Scavenge 197.1 (199.6) -> 196.9 (200.1) MB, pooled: 0.0 MB, 1.86 / 0.00 ms (average mu = 0.391, current mu = 0.270) allocation failure; 
   3.50| [1:0xffffa5470000:0]     2731 ms: Young generation mutator utilization = 0.475 (mutator_speed=276965, gc_speed=251014)
   3.50| [1:0xffffa5470000]     2735 ms: Scavenge 197.7 (200.1) -> 197.5 (200.8) MB, pooled: 0.0 MB, 3.44 / 0.00 ms (average mu = 0.391, current mu = 0.270) allocation failure; 
   3.50| [1:0xffffa5470000:0]     2736 ms: Young generation mutator utilization = 0.458 (mutator_speed=279189, gc_speed=236035)
   3.77| [1:0xffffa5470000]     3005 ms: Incremental Mark-Compact (reduce) 201.0 (203.7) -> 200.4 (202.5) MB, pooled: 0.0 MB, 207.60 / 0.00 ms (+ 18.5 ms in 41 steps since start of marking, biggest step 6.1 ms, walltime since start of marking 269 ms) (average mu = 0.408, current mu = 0.419) allocation failure; GC in old space requested
   3.78| [1:0xffffa5470000]     3006 ms: Scavenge (during sweeping) 201.1 (202.5) -> 201.0 (203.0) MB, pooled: 0.0 MB, 1.02 / 0.00 ms (average mu = 0.408, current mu = 0.419) allocation failure; 
   3.78| [1:0xffffa5470000:0]     3006 ms: Young generation mutator utilization = 0.589 (mutator_speed=198637, gc_speed=284278)
   3.78| [1:0xffffa5470000]     3009 ms: Scavenge (during sweeping) 201.9 (203.7) -> 201.7 (204.2) MB, pooled: 0.0 MB, 1.90 / 0.00 ms (average mu = 0.408, current mu = 0.419) allocation failure; 
   3.78| [1:0xffffa5470000:0]     3009 ms: Young generation mutator utilization = 0.598 (mutator_speed=201683, gc_speed=299403)
   3.78| [1:0xffffa5470000]     3018 ms: Scavenge (during sweeping) 202.4 (205.0) -> 202.3 (205.2) MB, pooled: 0.0 MB, 7.67 / 0.00 ms (average mu = 0.408, current mu = 0.419) allocation failure; 
   3.78| [1:0xffffa5470000:0]     3018 ms: Young generation mutator utilization = 0.556 (mutator_speed=204596, gc_speed=256619)
   3.79| [1:0xffffa5470000]     3022 ms: Scavenge (during sweeping) 203.1 (205.5) -> 202.9 (206.0) MB, pooled: 0.0 MB, 2.93 / 0.00 ms (average mu = 0.408, current mu = 0.419) allocation failure; 
   3.79| [1:0xffffa5470000:0]     3022 ms: Young generation mutator utilization = 0.553 (mutator_speed=207053, gc_speed=256271)
   3.79| [1:0xffffa5470000]     3026 ms: Scavenge (during sweeping) 203.8 (206.2) -> 203.6 (206.5) MB, pooled: 0.0 MB, 2.85 / 0.00 ms (average mu = 0.408, current mu = 0.419) allocation failure; 
   3.79| [1:0xffffa5470000:0]     3026 ms: Young generation mutator utilization = 0.549 (mutator_speed=209583, gc_speed=255132)
   3.80| [1:0xffffa5470000]     3033 ms: Scavenge (during sweeping) 204.4 (206.7) -> 204.3 (207.2) MB, pooled: 0.0 MB, 3.30 / 0.00 ms (average mu = 0.408, current mu = 0.419) allocation failure; 
   3.80| [1:0xffffa5470000:0]     3033 ms: Young generation mutator utilization = 0.554 (mutator_speed=208067, gc_speed=258421)
   3.81| [1:0xffffa5470000]     3038 ms: Scavenge (during sweeping) 205.1 (207.5) -> 204.9 (208.0) MB, pooled: 0.0 MB, 4.53 / 0.00 ms (average mu = 0.408, current mu = 0.419) allocation failure; 
   3.81| [1:0xffffa5470000:0]     3038 ms: Young generation mutator utilization = 0.539 (mutator_speed=210987, gc_speed=247081)
   3.81| [1:0xffffa5470000]     3042 ms: Scavenge (during sweeping) 205.7 (208.2) -> 205.6 (208.5) MB, pooled: 0.0 MB, 2.05 / 0.00 ms (average mu = 0.408, current mu = 0.419) allocation failure; 
   3.81| [1:0xffffa5470000:0]     3042 ms: Young generation mutator utilization = 0.545 (mutator_speed=212657, gc_speed=255220)
   3.81| [1:0xffffa5470000]     3046 ms: Scavenge (during sweeping) 206.4 (208.7) -> 206.2 (209.2) MB, pooled: 0.0 MB, 3.17 / 0.00 ms (average mu = 0.408, current mu = 0.419) allocation failure; 
   3.82| [1:0xffffa5470000:0]     3047 ms: Young generation mutator utilization = 0.533 (mutator_speed=215165, gc_speed=245083)
   3.82| [1:0xffffa5470000]     3052 ms: Scavenge (during sweeping) 207.2 (209.6) -> 207.0 (210.1) MB, pooled: 0.0 MB, 2.48 / 0.00 ms (average mu = 0.408, current mu = 0.419) allocation failure; 
   3.82| [1:0xffffa5470000:0]     3052 ms: Young generation mutator utilization = 0.545 (mutator_speed=214060, gc_speed=256322)
   3.82| [1:0xffffa5470000]     3054 ms: Scavenge 207.8 (210.4) -> 207.6 (210.9) MB, pooled: 0.0 MB, 1.04 / 0.00 ms (average mu = 0.408, current mu = 0.419) allocation failure; 
   3.82| [1:0xffffa5470000:0]     3054 ms: Young generation mutator utilization = 0.555 (mutator_speed=216742, gc_speed=270542)
   3.82| [1:0xffffa5470000]     3057 ms: Scavenge 208.5 (210.9) -> 208.3 (211.4) MB, pooled: 0.0 MB, 2.38 / 0.00 ms (average mu = 0.408, current mu = 0.419) allocation failure; 
   3.82| [1:0xffffa5470000:0]     3057 ms: Young generation mutator utilization = 0.548 (mutator_speed=220453, gc_speed=267483)
   3.83| [1:0xffffa5470000]     3059 ms: Scavenge 209.1 (211.6) -> 208.9 (212.1) MB, pooled: 0.0 MB, 1.34 / 0.00 ms (average mu = 0.408, current mu = 0.419) allocation failure; 
   3.83| [1:0xffffa5470000:0]     3059 ms: Young generation mutator utilization = 0.598 (mutator_speed=223678, gc_speed=332048)
   3.83| [1:0xffffa5470000]     3061 ms: Scavenge 209.8 (212.1) -> 209.6 (212.9) MB, pooled: 0.0 MB, 1.49 / 0.00 ms (average mu = 0.408, current mu = 0.419) allocation failure; 
   3.83| [1:0xffffa5470000:0]     3061 ms: Young generation mutator utilization = 0.608 (mutator_speed=226958, gc_speed=351603)
   3.83| [1:0xffffa5470000]     3063 ms: Scavenge 210.4 (212.9) -> 210.3 (213.4) MB, pooled: 0.0 MB, 0.87 / 0.00 ms (average mu = 0.408, current mu = 0.419) allocation failure; 
   3.83| [1:0xffffa5470000:0]     3063 ms: Young generation mutator utilization = 0.624 (mutator_speed=229747, gc_speed=381115)
   3.83| [1:0xffffa5470000]     3066 ms: Scavenge 211.0 (213.4) -> 210.9 (214.1) MB, pooled: 0.0 MB, 1.79 / 0.00 ms (average mu = 0.408, current mu = 0.419) allocation failure; 
   3.83| [1:0xffffa5470000:0]     3066 ms: Young generation mutator utilization = 0.638 (mutator_speed=231926, gc_speed=408239)
   3.83| [1:0xffffa5470000]     3069 ms: Scavenge 211.7 (214.1) -> 211.6 (214.6) MB, pooled: 0.0 MB, 2.58 / 0.00 ms (average mu = 0.408, current mu = 0.419) allocation failure; 
   3.84| [1:0xffffa5470000:0]     3069 ms: Young generation mutator utilization = 0.657 (mutator_speed=234842, gc_speed=449795)
   3.84| [1:0xffffa5470000]     3073 ms: Scavenge 212.3 (214.9) -> 212.2 (215.1) MB, pooled: 0.0 MB, 1.47 / 0.00 ms (average mu = 0.408, current mu = 0.419) allocation failure; 
   3.84| [1:0xffffa5470000:0]     3073 ms: Young generation mutator utilization = 0.663 (mutator_speed=234935, gc_speed=462948)
   3.84| [1:0xffffa5470000]     3076 ms: Scavenge 213.0 (215.4) -> 212.9 (215.9) MB, pooled: 0.0 MB, 2.51 / 0.00 ms (average mu = 0.408, current mu = 0.419) allocation failure; 
   3.84| [1:0xffffa5470000:0]     3076 ms: Young generation mutator utilization = 0.670 (mutator_speed=237528, gc_speed=481698)
   3.85| [1:0xffffa5470000]     3079 ms: Scavenge 213.8 (216.3) -> 213.7 (216.8) MB, pooled: 0.0 MB, 2.57 / 0.00 ms (average mu = 0.408, current mu = 0.419) allocation failure; 
   3.85| [1:0xffffa5470000:0]     3079 ms: Young generation mutator utilization = 0.666 (mutator_speed=240448, gc_speed=479863)
   3.89| [1:0xffffa5470000]     3081 ms: Scavenge 214.5 (217.0) -> 214.3 (217.5) MB, pooled: 0.0 MB, 1.15 / 0.00 ms (average mu = 0.408, current mu = 0.419) allocation failure; 
   3.89| [1:0xffffa5470000:0]     3081 ms: Young generation mutator utilization = 0.661 (mutator_speed=244071, gc_speed=476098)
   3.89| [1:0xffffa5470000]     3086 ms: Scavenge 215.1 (217.5) -> 214.9 (218.0) MB, pooled: 0.0 MB, 2.32 / 0.00 ms (average mu = 0.408, current mu = 0.419) allocation failure; 
   3.89| [1:0xffffa5470000:0]     3086 ms: Young generation mutator utilization = 0.662 (mutator_speed=244106, gc_speed=478260)
   3.89| [1:0xffffa5470000]     3091 ms: Scavenge 215.8 (218.3) -> 215.6 (218.5) MB, pooled: 0.0 MB, 4.69 / 0.00 ms (average mu = 0.408, current mu = 0.419) allocation failure; 
   3.89| [1:0xffffa5470000:0]     3091 ms: Young generation mutator utilization = 0.621 (mutator_speed=247263, gc_speed=404369)
   3.89| [1:0xffffa5470000]     3101 ms: Scavenge 216.4 (218.8) -> 216.3 (219.5) MB, pooled: 0.0 MB, 9.41 / 0.00 ms (average mu = 0.408, current mu = 0.419) allocation failure; 
   3.89| [1:0xffffa5470000:0]     3102 ms: Young generation mutator utilization = 0.542 (mutator_speed=250168, gc_speed=295955)
   3.89| [1:0xffffa5470000]     3104 ms: Scavenge 217.1 (219.5) -> 216.9 (220.0) MB, pooled: 0.0 MB, 1.23 / 0.00 ms (average mu = 0.408, current mu = 0.419) allocation failure; 
   3.89| [1:0xffffa5470000:0]     3104 ms: Young generation mutator utilization = 0.538 (mutator_speed=251135, gc_speed=291871)
   3.89| [1:0xffffa5470000]     3106 ms: Scavenge 217.7 (220.0) -> 217.5 (220.8) MB, pooled: 0.0 MB, 1.03 / 0.00 ms (average mu = 0.408, current mu = 0.419) allocation failure; 
   3.89| [1:0xffffa5470000:0]     3106 ms: Young generation mutator utilization = 0.541 (mutator_speed=253197, gc_speed=298582)
   3.89| [1:0xffffa5470000]     3110 ms: Scavenge 218.3 (220.8) -> 218.2 (221.3) MB, pooled: 0.0 MB, 2.23 / 0.00 ms (average mu = 0.408, current mu = 0.419) allocation failure; 
   3.89| [1:0xffffa5470000:0]     3110 ms: Young generation mutator utilization = 0.542 (mutator_speed=254996, gc_speed=302114)
   3.89| [1:0xffffa5470000]     3112 ms: Scavenge 219.0 (221.5) -> 218.9 (222.0) MB, pooled: 0.0 MB, 1.96 / 0.00 ms (average mu = 0.408, current mu = 0.419) allocation failure; 
   3.89| [1:0xffffa5470000:0]     3112 ms: Young generation mutator utilization = 0.536 (mutator_speed=258363, gc_speed=298082)
   3.89| [1:0xffffa5470000]     3122 ms: Scavenge 219.7 (222.0) -> 219.5 (222.5) MB, pooled: 0.0 MB, 9.66 / 0.00 ms (average mu = 0.408, current mu = 0.419) allocation failure; 
   3.89| [1:0xffffa5470000:0]     3122 ms: Young generation mutator utilization = 0.477 (mutator_speed=261543, gc_speed=238680)
   3.90| [1:0xffffa5470000]     3130 ms: Scavenge 220.5 (222.9) -> 220.3 (223.4) MB, pooled: 0.0 MB, 3.37 / 0.00 ms (average mu = 0.408, current mu = 0.419) allocation failure; 
   3.90| [1:0xffffa5470000:0]     3131 ms: Young generation mutator utilization = 0.475 (mutator_speed=257890, gc_speed=233171)
   4.28| [1:0xffffa5470000]     3508 ms: Incremental Mark-Compact (reduce) 224.5 (226.9) -> 223.5 (225.7) MB, pooled: 0.0 MB, 321.79 / 0.00 ms (+ 1.8 ms in 46 steps since start of marking, biggest step 0.7 ms, walltime since start of marking 372 ms) (average mu = 0.374, current mu = 0.352) allocation failure; GC in old space requested
   4.28| [1:0xffffa5470000]     3510 ms: Scavenge (during sweeping) 224.3 (225.7) -> 224.2 (226.2) MB, pooled: 0.0 MB, 1.01 / 0.00 ms (average mu = 0.374, current mu = 0.352) allocation failure; 
   4.28| [1:0xffffa5470000:0]     3510 ms: Young generation mutator utilization = 0.534 (mutator_speed=194555, gc_speed=223238)
   4.28| [1:0xffffa5470000]     3516 ms: Scavenge (during sweeping) 225.0 (226.9) -> 224.9 (227.2) MB, pooled: 0.0 MB, 4.38 / 0.00 ms (average mu = 0.374, current mu = 0.352) allocation failure; 
   4.28| [1:0xffffa5470000:0]     3516 ms: Young generation mutator utilization = 0.519 (mutator_speed=196478, gc_speed=212041)
   4.29| [1:0xffffa5470000]     3519 ms: Scavenge (during sweeping) 225.6 (227.9) -> 225.5 (228.4) MB, pooled: 0.0 MB, 2.25 / 0.00 ms (average mu = 0.374, current mu = 0.352) allocation failure; 
   4.29| [1:0xffffa5470000:0]     3519 ms: Young generation mutator utilization = 0.534 (mutator_speed=198515, gc_speed=227389)
   4.29| [1:0xffffa5470000]     3522 ms: Scavenge (during sweeping) 226.3 (228.7) -> 226.2 (229.2) MB, pooled: 0.0 MB, 1.68 / 0.00 ms (average mu = 0.374, current mu = 0.352) allocation failure; 
   4.29| [1:0xffffa5470000:0]     3522 ms: Young generation mutator utilization = 0.589 (mutator_speed=201861, gc_speed=289618)
   4.29| [1:0xffffa5470000]     3524 ms: Scavenge (during sweeping) 227.1 (229.6) -> 226.9 (229.8) MB, pooled: 0.0 MB, 1.67 / 0.00 ms (average mu = 0.374, current mu = 0.352) allocation failure; 
   4.29| [1:0xffffa5470000:0]     3524 ms: Young generation mutator utilization = 0.587 (mutator_speed=204590, gc_speed=290665)
   4.30| [1:0xffffa5470000]     3527 ms: Scavenge (during sweeping) 227.8 (230.1) -> 227.6 (230.6) MB, pooled: 0.0 MB, 1.51 / 0.00 ms (average mu = 0.374, current mu = 0.352) allocation failure; 
   4.30| [1:0xffffa5470000:0]     3527 ms: Young generation mutator utilization = 0.578 (mutator_speed=207487, gc_speed=284673)
   4.30| [1:0xffffa5470000]     3528 ms: Scavenge (during sweeping) 228.4 (230.8) -> 228.2 (231.3) MB, pooled: 0.0 MB, 1.39 / 0.00 ms (average mu = 0.374, current mu = 0.352) allocation failure; 
   4.30| [1:0xffffa5470000:0]     3528 ms: Young generation mutator utilization = 0.580 (mutator_speed=210841, gc_speed=291413)
   4.30| [1:0xffffa5470000]     3532 ms: Scavenge (during sweeping) 229.1 (231.6) -> 228.9 (231.8) MB, pooled: 0.0 MB, 3.00 / 0.00 ms (average mu = 0.374, current mu = 0.352) allocation failure; 
   4.30| [1:0xffffa5470000:0]     3532 ms: Young generation mutator utilization = 0.566 (mutator_speed=214521, gc_speed=279423)
   4.31| [1:0xffffa5470000]     3542 ms: Scavenge (during sweeping) 229.7 (232.1) -> 229.5 (232.6) MB, pooled: 0.0 MB, 7.04 / 0.00 ms (average mu = 0.374, current mu = 0.352) allocation failure; 
   4.31| [1:0xffffa5470000:0]     3542 ms: Young generation mutator utilization = 0.586 (mutator_speed=214771, gc_speed=304600)
   4.32| [1:0xffffa5470000]     3552 ms: Scavenge (during sweeping) 230.4 (232.8) -> 230.3 (233.1) MB, pooled: 0.0 MB, 7.99 / 0.00 ms (average mu = 0.374, current mu = 0.352) allocation failure; 
   4.32| [1:0xffffa5470000:0]     3552 ms: Young generation mutator utilization = 0.543 (mutator_speed=216082, gc_speed=257007)
   4.32| [1:0xffffa5470000]     3554 ms: Scavenge 231.0 (233.3) -> 230.8 (233.8) MB, pooled: 0.0 MB, 1.39 / 0.00 ms (average mu = 0.374, current mu = 0.352) allocation failure; 
   4.32| [1:0xffffa5470000:0]     3554 ms: Young generation mutator utilization = 0.551 (mutator_speed=218980, gc_speed=269169)
   4.32| [1:0xffffa5470000]     3556 ms: Scavenge 231.7 (234.1) -> 231.6 (234.6) MB, pooled: 0.0 MB, 1.41 / 0.00 ms (average mu = 0.374, current mu = 0.352) allocation failure; 
   4.32| [1:0xffffa5470000:0]     3556 ms: Young generation mutator utilization = 0.573 (mutator_speed=221186, gc_speed=296295)
   4.33| [1:0xffffa5470000]     3560 ms: Scavenge 232.3 (234.6) -> 232.1 (235.1) MB, pooled: 0.0 MB, 1.97 / 0.00 ms (average mu = 0.374, current mu = 0.352) allocation failure; 
   4.33| [1:0xffffa5470000:0]     3560 ms: Young generation mutator utilization = 0.573 (mutator_speed=222687, gc_speed=298297)
   4.33| [1:0xffffa5470000]     3565 ms: Scavenge 233.0 (235.3) -> 232.9 (235.8) MB, pooled: 0.0 MB, 2.59 / 0.00 ms (average mu = 0.374, current mu = 0.352) allocation failure; 
   4.33| [1:0xffffa5470000:0]     3565 ms: Young generation mutator utilization = 0.564 (mutator_speed=223292, gc_speed=288911)
   4.34| [1:0xffffa5470000]     3568 ms: Scavenge 233.7 (236.3) -> 233.6 (236.8) MB, pooled: 0.0 MB, 2.32 / 0.00 ms (average mu = 0.374, current mu = 0.352) allocation failure; 
   4.34| [1:0xffffa5470000:0]     3570 ms: Young generation mutator utilization = 0.557 (mutator_speed=225016, gc_speed=282428)
   4.34| [1:0xffffa5470000]     3572 ms: Scavenge 234.4 (236.8) -> 234.2 (237.5) MB, pooled: 0.0 MB, 1.22 / 0.00 ms (average mu = 0.374, current mu = 0.352) allocation failure; 
   4.34| [1:0xffffa5470000:0]     3573 ms: Young generation mutator utilization = 0.558 (mutator_speed=225111, gc_speed=284152)
   4.34| [1:0xffffa5470000]     3576 ms: Scavenge 235.0 (237.5) -> 234.8 (238.0) MB, pooled: 0.0 MB, 2.95 / 0.00 ms (average mu = 0.374, current mu = 0.352) allocation failure; 
   4.34| [1:0xffffa5470000:0]     3576 ms: Young generation mutator utilization = 0.543 (mutator_speed=227243, gc_speed=270014)
   4.35| [1:0xffffa5470000]     3579 ms: Scavenge 235.7 (238.0) -> 235.5 (238.5) MB, pooled: 0.0 MB, 1.16 / 0.00 ms (average mu = 0.374, current mu = 0.352) allocation failure; 
   4.35| [1:0xffffa5470000:0]     3579 ms: Young generation mutator utilization = 0.555 (mutator_speed=228950, gc_speed=285473)
   4.35| [1:0xffffa5470000]     3585 ms: Scavenge 236.3 (238.8) -> 236.1 (239.3) MB, pooled: 0.0 MB, 5.73 / 0.00 ms (average mu = 0.374, current mu = 0.352) allocation failure; 
   4.35| [1:0xffffa5470000:0]     3585 ms: Young generation mutator utilization = 0.562 (mutator_speed=232353, gc_speed=298164)
   4.36| [1:0xffffa5470000]     3590 ms: Scavenge 236.9 (239.3) -> 236.7 (240.0) MB, pooled: 0.0 MB, 1.94 / 0.00 ms (average mu = 0.374, current mu = 0.352) allocation failure; 
   4.36| [1:0xffffa5470000:0]     3590 ms: Young generation mutator utilization = 0.618 (mutator_speed=232252, gc_speed=375519)
   4.36| [1:0xffffa5470000]     3592 ms: Scavenge 237.6 (240.0) -> 237.4 (240.5) MB, pooled: 0.0 MB, 1.12 / 0.00 ms (average mu = 0.374, current mu = 0.352) allocation failure; 
   4.36| [1:0xffffa5470000:0]     3593 ms: Young generation mutator utilization = 0.619 (mutator_speed=233714, gc_speed=379373)
   4.36| [1:0xffffa5470000]     3594 ms: Scavenge 238.2 (240.8) -> 238.0 (241.0) MB, pooled: 0.0 MB, 1.00 / 0.00 ms (average mu = 0.374, current mu = 0.352) allocation failure; 
   4.36| [1:0xffffa5470000:0]     3594 ms: Young generation mutator utilization = 0.621 (mutator_speed=236883, gc_speed=387581)
   4.37| [1:0xffffa5470000]     3596 ms: Scavenge 238.9 (241.3) -> 238.8 (241.8) MB, pooled: 0.0 MB, 1.15 / 0.00 ms (average mu = 0.374, current mu = 0.352) allocation failure; 
   4.37| [1:0xffffa5470000:0]     3596 ms: Young generation mutator utilization = 0.627 (mutator_speed=240165, gc_speed=404519)
   4.37| [1:0xffffa5470000]     3598 ms: Scavenge 239.5 (242.0) -> 239.4 (242.5) MB, pooled: 0.0 MB, 1.33 / 0.00 ms (average mu = 0.374, current mu = 0.352) allocation failure; 
   4.37| [1:0xffffa5470000:0]     3598 ms: Young generation mutator utilization = 0.640 (mutator_speed=242523, gc_speed=430333)
   4.37| [1:0xffffa5470000]     3601 ms: Scavenge 240.4 (242.9) -> 240.2 (243.2) MB, pooled: 0.0 MB, 2.70 / 0.00 ms (average mu = 0.374, current mu = 0.352) allocation failure; 
   4.37| [1:0xffffa5470000:0]     3601 ms: Young generation mutator utilization = 0.632 (mutator_speed=245476, gc_speed=422138)
   4.38| [1:0xffffa5470000]     3605 ms: Scavenge 241.0 (243.4) -> 240.8 (244.2) MB, pooled: 0.0 MB, 1.65 / 0.00 ms (average mu = 0.374, current mu = 0.352) allocation failure; 
   4.38| [1:0xffffa5470000:0]     3605 ms: Young generation mutator utilization = 0.627 (mutator_speed=246150, gc_speed=414402)
   4.38| [1:0xffffa5470000]     3608 ms: Scavenge 241.6 (244.2) -> 241.5 (244.7) MB, pooled: 0.0 MB, 2.19 / 0.00 ms (average mu = 0.374, current mu = 0.352) allocation failure; 
   4.38| [1:0xffffa5470000:0]     3617 ms: Young generation mutator utilization = 0.633 (mutator_speed=249787, gc_speed=430248)
   4.39| [1:0xffffa5470000]     3620 ms: Scavenge 242.2 (244.7) -> 242.1 (245.2) MB, pooled: 0.0 MB, 0.96 / 0.00 ms (average mu = 0.374, current mu = 0.352) allocation failure; 
   4.39| [1:0xffffa5470000:0]     3620 ms: Young generation mutator utilization = 0.649 (mutator_speed=234726, gc_speed=434856)
   4.40| [1:0xffffa5470000]     3628 ms: Scavenge 242.9 (245.4) -> 242.7 (245.9) MB, pooled: 0.0 MB, 4.80 / 0.00 ms (average mu = 0.374, current mu = 0.352) allocation failure; 
   4.40| [1:0xffffa5470000:0]     3628 ms: Young generation mutator utilization = 0.661 (mutator_speed=233094, gc_speed=454404)
   4.40| [1:0xffffa5470000]     3629 ms: Scavenge 243.5 (245.9) -> 243.3 (246.4) MB, pooled: 0.0 MB, 0.88 / 0.00 ms (average mu = 0.374, current mu = 0.352) allocation failure; 
   4.40| [1:0xffffa5470000:0]     3629 ms: Young generation mutator utilization = 0.671 (mutator_speed=236348, gc_speed=481836)
   4.40| [1:0xffffa5470000]     3631 ms: Scavenge 244.1 (246.7) -> 244.0 (247.2) MB, pooled: 0.0 MB, 0.81 / 0.00 ms (average mu = 0.374, current mu = 0.352) allocation failure; 
   4.40| [1:0xffffa5470000:0]     3631 ms: Young generation mutator utilization = 0.671 (mutator_speed=239575, gc_speed=489478)
   4.40| [1:0xffffa5470000]     3632 ms: Scavenge 244.8 (247.2) -> 244.6 (247.7) MB, pooled: 0.0 MB, 1.02 / 0.00 ms (average mu = 0.374, current mu = 0.352) allocation failure; 
   4.40| [1:0xffffa5470000:0]     3632 ms: Young generation mutator utilization = 0.668 (mutator_speed=242982, gc_speed=488730)
   4.41| [1:0xffffa5470000]     3634 ms: Scavenge 245.4 (247.9) -> 245.3 (248.4) MB, pooled: 0.0 MB, 1.43 / 0.00 ms (average mu = 0.374, current mu = 0.352) allocation failure; 
   4.41| [1:0xffffa5470000:0]     3634 ms: Young generation mutator utilization = 0.661 (mutator_speed=245983, gc_speed=479728)
   4.41| [1:0xffffa5470000]     3635 ms: Scavenge 246.1 (248.4) -> 246.0 (249.2) MB, pooled: 0.0 MB, 0.81 / 0.00 ms (average mu = 0.374, current mu = 0.352) allocation failure; 
   4.41| [1:0xffffa5470000:0]     3635 ms: Young generation mutator utilization = 0.665 (mutator_speed=249513, gc_speed=494984)
   4.74| [1:0xffffa5470000]     3968 ms: Incremental Mark-Compact (reduce) 249.4 (252.3) -> 248.7 (251.1) MB, pooled: 0.0 MB, 300.69 / 0.00 ms (+ 8.1 ms in 41 steps since start of marking, biggest step 5.0 ms, walltime since start of marking 333 ms) (average mu = 0.354, current mu = 0.337) allocation failure; GC in old space requested
   4.74| [1:0xffffa5470000]     3970 ms: Scavenge (during sweeping) 249.4 (251.1) -> 249.2 (251.6) MB, pooled: 0.0 MB, 1.47 / 0.00 ms (average mu = 0.354, current mu = 0.337) allocation failure; 
   4.74| [1:0xffffa5470000:0]     3970 ms: Young generation mutator utilization = 0.694 (mutator_speed=217251, gc_speed=493418)
   4.79| [1:0xffffa5470000]     4019 ms: Scavenge (during sweeping) 250.1 (252.1) -> 250.0 (252.3) MB, pooled: 0.0 MB, 27.51 / 0.00 ms (average mu = 0.354, current mu = 0.337) allocation failure; 
   4.79| [1:0xffffa5470000:0]     4020 ms: Young generation mutator utilization = 0.498 (mutator_speed=191259, gc_speed=189479)
   4.80| [1:0xffffa5470000]     4035 ms: Scavenge (during sweeping) 250.7 (253.1) -> 250.6 (253.8) MB, pooled: 0.0 MB, 7.95 / 0.00 ms (average mu = 0.354, current mu = 0.337) allocation failure; 
   4.80| [1:0xffffa5470000:0]     4035 ms: Young generation mutator utilization = 0.476 (mutator_speed=185211, gc_speed=167973)
   4.82| [1:0xffffa5470000]     4049 ms: Scavenge 251.4 (253.8) -> 251.3 (254.3) MB, pooled: 0.0 MB, 10.58 / 0.00 ms (average mu = 0.354, current mu = 0.337) allocation failure; 
   4.82| [1:0xffffa5470000:0]     4049 ms: Young generation mutator utilization = 0.431 (mutator_speed=185178, gc_speed=140449)
   4.82| [1:0xffffa5470000]     4053 ms: Scavenge 252.0 (254.6) -> 251.9 (255.1) MB, pooled: 0.0 MB, 2.40 / 0.00 ms (average mu = 0.354, current mu = 0.337) allocation failure; 
   4.82| [1:0xffffa5470000:0]     4053 ms: Young generation mutator utilization = 0.443 (mutator_speed=186163, gc_speed=148152)
   4.82| [1:0xffffa5470000]     4056 ms: Scavenge 252.7 (255.1) -> 252.5 (255.6) MB, pooled: 0.0 MB, 1.59 / 0.00 ms (average mu = 0.354, current mu = 0.337) allocation failure; 
   4.82| [1:0xffffa5470000:0]     4056 ms: Young generation mutator utilization = 0.437 (mutator_speed=188992, gc_speed=146702)
   4.85| [1:0xffffa5470000]     4074 ms: Scavenge 253.5 (256.0) -> 253.4 (256.5) MB, pooled: 0.0 MB, 11.07 / 0.00 ms (average mu = 0.354, current mu = 0.337) allocation failure; 
   4.85| [1:0xffffa5470000:0]     4074 ms: Young generation mutator utilization = 0.408 (mutator_speed=183537, gc_speed=126411)
   4.85| [1:0xffffa5470000]     4080 ms: Scavenge 254.2 (256.5) -> 254.0 (257.2) MB, pooled: 0.0 MB, 2.54 / 0.00 ms (average mu = 0.354, current mu = 0.337) allocation failure; 
   4.85| [1:0xffffa5470000:0]     4080 ms: Young generation mutator utilization = 0.400 (mutator_speed=183508, gc_speed=122570)
   4.87| [1:0xffffa5470000]     4101 ms: Scavenge 254.8 (257.2) -> 254.6 (258.0) MB, pooled: 0.0 MB, 20.52 / 0.00 ms (average mu = 0.354, current mu = 0.337) allocation failure; 
   4.87| [1:0xffffa5470000:0]     4101 ms: Young generation mutator utilization = 0.336 (mutator_speed=186796, gc_speed=94688)
   4.88| [1:0xffffa5470000]     4112 ms: Scavenge 255.4 (258.0) -> 255.3 (258.2) MB, pooled: 0.0 MB, 7.13 / 0.00 ms (average mu = 0.354, current mu = 0.337) allocation failure; 
   4.89| [1:0xffffa5470000:0]     4112 ms: Young generation mutator utilization = 0.320 (mutator_speed=185776, gc_speed=87567)
   4.89| [1:0xffffa5470000]     4118 ms: Scavenge 256.1 (258.5) -> 255.9 (259.0) MB, pooled: 0.0 MB, 1.60 / 0.00 ms (average mu = 0.354, current mu = 0.337) allocation failure; 
   4.89| [1:0xffffa5470000:0]     4118 ms: Young generation mutator utilization = 0.333 (mutator_speed=184514, gc_speed=92164)
   4.90| [1:0xffffa5470000]     4137 ms: Scavenge 256.7 (259.2) -> 256.5 (259.7) MB, pooled: 0.0 MB, 14.97 / 0.00 ms (average mu = 0.354, current mu = 0.337) allocation failure; 
   4.91| [1:0xffffa5470000:0]     4137 ms: Young generation mutator utilization = 0.365 (mutator_speed=185101, gc_speed=106362)
   4.92| [1:0xffffa5470000]     4142 ms: Scavenge 257.3 (259.7) -> 257.2 (260.2) MB, pooled: 0.0 MB, 3.77 / 0.00 ms (average mu = 0.354, current mu = 0.337) allocation failure; 
   4.92| [1:0xffffa5470000:0]     4143 ms: Young generation mutator utilization = 0.377 (mutator_speed=185428, gc_speed=112012)
   4.93| [1:0xffffa5470000]     4150 ms: Scavenge 257.9 (260.5) -> 257.8 (261.0) MB, pooled: 0.0 MB, 7.10 / 0.00 ms (average mu = 0.354, current mu = 0.337) allocation failure; 
   4.93| [1:0xffffa5470000:0]     4154 ms: Young generation mutator utilization = 0.385 (mutator_speed=188367, gc_speed=117745)
   4.93| [1:0xffffa5470000]     4165 ms: Scavenge 258.6 (261.0) -> 258.5 (261.5) MB, pooled: 0.0 MB, 6.34 / 0.00 ms (average mu = 0.354, current mu = 0.337) allocation failure; 
   4.93| [1:0xffffa5470000:0]     4165 ms: Young generation mutator utilization = 0.380 (mutator_speed=182184, gc_speed=111652)
   4.94| [1:0xffffa5470000]     4169 ms: Scavenge 259.3 (261.7) -> 259.1 (262.2) MB, pooled: 0.0 MB, 4.06 / 0.00 ms (average mu = 0.354, current mu = 0.337) allocation failure; 
   4.94| [1:0xffffa5470000:0]     4169 ms: Young generation mutator utilization = 0.369 (mutator_speed=185455, gc_speed=108397)
   4.97| [1:0xffffa5470000]     4203 ms: Scavenge 260.1 (262.6) -> 259.9 (262.9) MB, pooled: 0.0 MB, 2.02 / 0.00 ms (average mu = 0.354, current mu = 0.337) allocation failure; 
   4.97| [1:0xffffa5470000:0]     4203 ms: Young generation mutator utilization = 0.446 (mutator_speed=152486, gc_speed=122545)
   4.97| [1:0xffffa5470000]     4208 ms: Scavenge 260.8 (263.1) -> 260.6 (263.9) MB, pooled: 0.0 MB, 3.93 / 0.00 ms (average mu = 0.354, current mu = 0.337) allocation failure; 
   4.98| [1:0xffffa5470000:0]     4208 ms: Young generation mutator utilization = 0.435 (mutator_speed=156052, gc_speed=120344)
   4.98| [1:0xffffa5470000]     4215 ms: Scavenge 261.4 (263.9) -> 261.2 (264.1) MB, pooled: 0.0 MB, 3.33 / 0.00 ms (average mu = 0.354, current mu = 0.337) allocation failure; 
   4.99| [1:0xffffa5470000:0]     4215 ms: Young generation mutator utilization = 0.504 (mutator_speed=155830, gc_speed=158274)
   4.99| [1:0xffffa5470000]     4224 ms: Scavenge 262.0 (264.4) -> 261.9 (265.1) MB, pooled: 0.0 MB, 7.45 / 0.00 ms (average mu = 0.354, current mu = 0.337) allocation failure; 
   4.99| [1:0xffffa5470000:0]     4224 ms: Young generation mutator utilization = 0.499 (mutator_speed=158118, gc_speed=157417)
   5.00| [1:0xffffa5470000]     4230 ms: Scavenge 262.7 (265.1) -> 262.4 (265.6) MB, pooled: 0.0 MB, 3.82 / 0.00 ms (average mu = 0.354, current mu = 0.337) allocation failure; 
   5.00| [1:0xffffa5470000:0]     4230 ms: Young generation mutator utilization = 0.488 (mutator_speed=159541, gc_speed=151764)
   5.00| [1:0xffffa5470000]     4238 ms: Scavenge 263.3 (265.9) -> 263.2 (266.1) MB, pooled: 0.0 MB, 2.90 / 0.00 ms (average mu = 0.354, current mu = 0.337) allocation failure; 
   5.01| [1:0xffffa5470000:0]     4238 ms: Young generation mutator utilization = 0.549 (mutator_speed=159379, gc_speed=193822)
   5.06| [1:0xffffa5470000]     4295 ms: Scavenge 263.9 (266.4) -> 263.8 (267.1) MB, pooled: 0.0 MB, 54.28 / 0.00 ms (average mu = 0.354, current mu = 0.337) allocation failure; 
   5.06| [1:0xffffa5470000:0]     4295 ms: Young generation mutator utilization = 0.364 (mutator_speed=159681, gc_speed=91205)
   5.10| [1:0xffffa5470000]     4332 ms: Scavenge 264.6 (267.1) -> 264.5 (267.6) MB, pooled: 0.0 MB, 34.22 / 0.00 ms (average mu = 0.354, current mu = 0.337) allocation failure; 
   5.10| [1:0xffffa5470000:0]     4332 ms: Young generation mutator utilization = 0.306 (mutator_speed=160719, gc_speed=70887)
   5.10| [1:0xffffa5470000]     4336 ms: Scavenge 265.3 (267.6) -> 265.1 (268.1) MB, pooled: 0.0 MB, 3.48 / 0.00 ms (average mu = 0.354, current mu = 0.337) allocation failure; 
   5.10| [1:0xffffa5470000:0]     4336 ms: Young generation mutator utilization = 0.307 (mutator_speed=164091, gc_speed=72668)
   5.11| [1:0xffffa5470000]     4343 ms: Scavenge 265.9 (268.4) -> 265.8 (268.9) MB, pooled: 0.0 MB, 6.36 / 0.00 ms (average mu = 0.354, current mu = 0.337) allocation failure; 
   5.11| [1:0xffffa5470000:0]     4343 ms: Young generation mutator utilization = 0.299 (mutator_speed=167344, gc_speed=71272)
   5.11| [1:0xffffa5470000]     4346 ms: Scavenge 266.7 (269.3) -> 266.6 (269.5) MB, pooled: 0.0 MB, 1.15 / 0.00 ms (average mu = 0.354, current mu = 0.337) allocation failure; 
   5.11| [1:0xffffa5470000:0]     4346 ms: Young generation mutator utilization = 0.297 (mutator_speed=169621, gc_speed=71520)
   5.11| [1:0xffffa5470000]     4348 ms: Scavenge 267.4 (269.8) -> 267.2 (270.5) MB, pooled: 0.0 MB, 1.49 / 0.00 ms (average mu = 0.354, current mu = 0.337) allocation failure; 
   5.11| [1:0xffffa5470000:0]     4348 ms: Young generation mutator utilization = 0.296 (mutator_speed=173161, gc_speed=72910)
   5.12| [1:0xffffa5470000]     4356 ms: Scavenge 268.1 (270.5) -> 267.9 (271.0) MB, pooled: 0.0 MB, 7.69 / 0.00 ms (average mu = 0.354, current mu = 0.337) allocation failure; 
   5.12| [1:0xffffa5470000:0]     4356 ms: Young generation mutator utilization = 0.285 (mutator_speed=176986, gc_speed=70692)
   5.16| [1:0xffffa5470000]     4389 ms: Scavenge 268.7 (271.0) -> 268.5 (271.8) MB, pooled: 0.0 MB, 19.42 / 0.00 ms (average mu = 0.354, current mu = 0.337) allocation failure; 
   5.16| [1:0xffffa5470000:0]     4389 ms: Young generation mutator utilization = 0.281 (mutator_speed=164696, gc_speed=64443)
   5.16| [1:0xffffa5470000]     4393 ms: Scavenge 269.3 (271.8) -> 269.1 (272.3) MB, pooled: 0.0 MB, 1.98 / 0.00 ms (average mu = 0.354, current mu = 0.337) allocation failure; 
   5.16| [1:0xffffa5470000:0]     4393 ms: Young generation mutator utilization = 0.281 (mutator_speed=167052, gc_speed=65182)
   5.18| [1:0xffffa5470000]     4412 ms: Scavenge 270.0 (272.5) -> 269.8 (273.0) MB, pooled: 0.0 MB, 18.38 / 0.00 ms (average mu = 0.354, current mu = 0.337) allocation failure; 
   5.18| [1:0xffffa5470000:0]     4413 ms: Young generation mutator utilization = 0.255 (mutator_speed=170177, gc_speed=58251)
   5.24| [1:0xffffa5470000]     4469 ms: Scavenge 270.6 (273.0) -> 270.5 (273.5) MB, pooled: 0.0 MB, 7.45 / 0.00 ms (average mu = 0.354, current mu = 0.337) allocation failure; 
   5.24| [1:0xffffa5470000:0]     4469 ms: Young generation mutator utilization = 0.407 (mutator_speed=123665, gc_speed=85049)
   5.25| [1:0xffffa5470000]     4484 ms: Scavenge 271.3 (273.8) -> 271.1 (274.0) MB, pooled: 0.0 MB, 1.68 / 0.00 ms (average mu = 0.354, current mu = 0.337) allocation failure; 
   5.25| [1:0xffffa5470000:0]     4484 ms: Young generation mutator utilization = 0.516 (mutator_speed=117349, gc_speed=125335)
   5.26| [1:0xffffa5470000]     4492 ms: Scavenge 271.9 (274.3) -> 271.8 (274.8) MB, pooled: 0.0 MB, 2.31 / 0.00 ms (average mu = 0.354, current mu = 0.337) allocation failure; 
   5.26| [1:0xffffa5470000:0]     4492 ms: Young generation mutator utilization = 0.523 (mutator_speed=116414, gc_speed=127737)
   5.26| [1:0xffffa5470000]     4498 ms: Scavenge 272.6 (275.0) -> 272.5 (275.5) MB, pooled: 0.0 MB, 1.67 / 0.00 ms (average mu = 0.354, current mu = 0.337) allocation failure; 
   5.26| [1:0xffffa5470000:0]     4498 ms: Young generation mutator utilization = 0.541 (mutator_speed=116933, gc_speed=137594)
   5.28| [1:0xffffa5470000]     4514 ms: Scavenge 273.4 (275.9) -> 273.2 (276.4) MB, pooled: 0.0 MB, 15.05 / 0.00 ms (average mu = 0.354, current mu = 0.337) allocation failure; 
   5.28| [1:0xffffa5470000:0]     4514 ms: Young generation mutator utilization = 0.485 (mutator_speed=119909, gc_speed=112756)
   5.30| [1:0xffffa5470000]     4534 ms: Scavenge 274.1 (276.4) -> 273.9 (277.4) MB, pooled: 0.0 MB, 12.94 / 0.00 ms (average mu = 0.354, current mu = 0.337) allocation failure; 
   5.30| [1:0xffffa5470000:0]     4534 ms: Young generation mutator utilization = 0.452 (mutator_speed=118970, gc_speed=98105)
   5.86| [1:0xffffa5470000]     5086 ms: Incremental Mark-Compact (reduce) 276.4 (279.4) -> 275.8 (277.9) MB, pooled: 0.0 MB, 50.83 / 0.00 ms (+ 245.7 ms in 29 steps since start of marking, biggest step 32.0 ms, walltime since start of marking 552 ms) (average mu = 0.632, current mu = 0.741) allocation failure; GC in old space requested
   5.89| [1:0xffffa5470000]     5126 ms: Scavenge (during sweeping) 276.5 (277.9) -> 276.4 (278.4) MB, pooled: 0.0 MB, 39.02 / 0.00 ms (average mu = 0.632, current mu = 0.741) allocation failure; 
   5.89| [1:0xffffa5470000:0]     5126 ms: Young generation mutator utilization = 0.864 (mutator_speed=10791, gc_speed=68631)
   6.00| [1:0xffffa5470000]     5234 ms: Scavenge (during sweeping) 277.3 (279.2) -> 277.1 (279.7) MB, pooled: 0.0 MB, 57.79 / 0.00 ms (average mu = 0.632, current mu = 0.741) allocation failure; 
   6.01| [1:0xffffa5470000:0]     5234 ms: Young generation mutator utilization = 0.822 (mutator_speed=11330, gc_speed=52237)
   6.06| [1:0xffffa5470000]     5291 ms: Scavenge (during sweeping) 277.9 (280.2) -> 277.7 (280.9) MB, pooled: 0.0 MB, 52.90 / 0.00 ms (average mu = 0.632, current mu = 0.741) allocation failure; 
   6.06| [1:0xffffa5470000:0]     5291 ms: Young generation mutator utilization = 0.731 (mutator_speed=14683, gc_speed=39926)
   6.07| [1:0xffffa5470000]     5300 ms: Scavenge 278.6 (280.9) -> 278.5 (281.4) MB, pooled: 0.0 MB, 6.04 / 0.00 ms (average mu = 0.632, current mu = 0.741) allocation failure; 
   6.07| [1:0xffffa5470000:0]     5300 ms: Young generation mutator utilization = 0.697 (mutator_speed=18502, gc_speed=42517)
   6.09| [1:0xffffa5470000]     5321 ms: Scavenge 279.2 (281.7) -> 279.0 (282.2) MB, pooled: 0.0 MB, 15.20 / 0.00 ms (average mu = 0.632, current mu = 0.741) allocation failure; 
   6.09| [1:0xffffa5470000:0]     5321 ms: Young generation mutator utilization = 0.657 (mutator_speed=21330, gc_speed=40789)
   6.10| [5.2s] burst done chunks=42 rss=335.9MB heapTotal=282.2MB heapUsed=279.5MB
   8.11| [7.2s] idle rss=329.3MB heapTotal=282.2MB heapUsed=279.5MB
  10.11| [9.2s] idle rss=329.3MB heapTotal=282.2MB heapUsed=279.5MB
  12.12| [11.2s] idle rss=329.3MB heapTotal=282.2MB heapUsed=279.5MB
  14.12| [13.2s] idle rss=329.3MB heapTotal=282.2MB heapUsed=279.5MB
  16.12| [15.2s] idle rss=315.5MB heapTotal=282.4MB heapUsed=279.5MB
  18.13| [17.2s] idle rss=316.0MB heapTotal=282.4MB heapUsed=279.5MB
  20.13| [19.2s] idle rss=316.0MB heapTotal=282.4MB heapUsed=279.5MB
  22.13| [21.2s] idle rss=316.0MB heapTotal=282.4MB heapUsed=279.5MB
  24.13| [23.2s] idle rss=316.1MB heapTotal=282.4MB heapUsed=279.6MB
  26.14| [25.2s] idle rss=316.5MB heapTotal=282.4MB heapUsed=279.6MB
  28.14| [27.2s] idle rss=316.5MB heapTotal=282.4MB heapUsed=279.6MB
  30.14| [29.2s] idle rss=316.5MB heapTotal=282.4MB heapUsed=279.6MB
  31.14| [1:0xffffa5470000:0]    30372 ms: Young generation mutator utilization = 1.000 (mutator_speed=14, gc_speed=40789)
  31.14| [1:0xffffa5470000:0]    30372 ms: Old generation mutator utilization = 1.000 (mutator_speed=29, gc_speed=230087)
  31.14| [1:0xffffa5470000:0]    30372 ms: Embedder mutator utilization = 0.000 (mutator_speed=0, gc_speed=1)
  31.14| [1:0xffffa5470000:0]    30372 ms: Memory reducer: high alloc, background
  31.14| [1:0xffffa5470000:0]    30372 ms: Memory reducer: started GC #1
  31.17| [1:0xffffa5470000:0]    30407 ms: Memory reducer: finished GC #1 (will do more)
  31.17| [1:0xffffa5470000]    30407 ms: Incremental Mark-Compact (reduce) 279.6 (282.4) -> 3.3 (12.9) MB, pooled: 0.0 MB, 16.78 / 0.00 ms (+ 0.0 ms in 1 steps since start of marking, biggest step 0.0 ms, walltime since start of marking 34 ms) (average mu = 0.988, current mu = 0.999) finalize incremental marking via task; GC in old space requested
  31.78| [1:0xffffa5470000:0]    31010 ms: Young generation mutator utilization = 1.000 (mutator_speed=0, gc_speed=40789)
  31.78| [1:0xffffa5470000:0]    31010 ms: Old generation mutator utilization = 0.999 (mutator_speed=120, gc_speed=229616)
  31.78| [1:0xffffa5470000:0]    31010 ms: Embedder mutator utilization = 0.000 (mutator_speed=0, gc_speed=1)
  31.78| [1:0xffffa5470000:0]    31010 ms: Memory reducer: high alloc, background
  31.78| [1:0xffffa5470000:0]    31010 ms: Memory reducer: started GC #2
  31.78| [1:0xffffa5470000:0]    31014 ms: Memory reducer: finished GC #2 (done)
  31.78| [1:0xffffa5470000]    31014 ms: Incremental Mark-Compact (reduce) 3.3 (12.9) -> 3.1 (4.4) MB, pooled: 0.0 MB, 1.61 / 0.00 ms (+ 0.0 ms in 1 steps since start of marking, biggest step 0.0 ms, walltime since start of marking 4 ms) (average mu = 0.989, current mu = 0.997) finalize incremental marking via task; GC in old space requested
  32.15| [31.2s] idle rss=38.9MB heapTotal=4.6MB heapUsed=3.1MB
  34.15| [33.2s] idle rss=38.9MB heapTotal=4.6MB heapUsed=3.1MB
  36.15| [35.2s] idle rss=38.9MB heapTotal=4.6MB heapUsed=3.1MB
  38.16| [37.2s] idle rss=38.9MB heapTotal=4.6MB heapUsed=3.1MB
  40.16| [39.2s] idle rss=38.9MB heapTotal=4.6MB heapUsed=3.1MB
  42.16| [41.2s] idle rss=38.9MB heapTotal=4.6MB heapUsed=3.1MB
  44.17| [43.2s] idle rss=38.9MB heapTotal=4.6MB heapUsed=3.1MB
  46.17| [45.2s] idle rss=38.9MB heapTotal=4.6MB heapUsed=3.1MB
  48.17| [47.2s] idle rss=38.9MB heapTotal=4.6MB heapUsed=3.1MB
  50.18| [49.2s] idle rss=38.9MB heapTotal=4.6MB heapUsed=3.1MB
  52.18| [51.3s] idle rss=38.9MB heapTotal=4.6MB heapUsed=3.1MB
  54.19| [53.3s] idle rss=38.9MB heapTotal=4.6MB heapUsed=3.1MB
  56.20| [55.3s] idle rss=38.9MB heapTotal=4.6MB heapUsed=3.1MB
  58.20| [57.3s] idle rss=38.9MB heapTotal=4.6MB heapUsed=3.1MB
  60.21| [59.3s] idle rss=38.9MB heapTotal=4.6MB heapUsed=3.1MB
  62.21| [61.3s] idle rss=22.1MB heapTotal=4.6MB heapUsed=3.1MB
  64.21| [63.3s] idle rss=24.8MB heapTotal=4.6MB heapUsed=3.1MB
  66.22| [65.3s] idle rss=24.8MB heapTotal=4.6MB heapUsed=3.1MB
  68.22| [67.3s] idle rss=24.8MB heapTotal=4.6MB heapUsed=3.1MB
  70.22| [69.3s] idle rss=24.8MB heapTotal=4.6MB heapUsed=3.1MB
  72.23| [71.3s] idle rss=24.9MB heapTotal=4.6MB heapUsed=3.1MB
  74.23| [73.3s] idle rss=24.9MB heapTotal=4.6MB heapUsed=3.1MB
  76.24| [75.3s] idle rss=24.9MB heapTotal=4.6MB heapUsed=3.1MB
  78.25| [77.3s] idle rss=24.9MB heapTotal=4.6MB heapUsed=3.1MB
  80.25| [79.3s] idle rss=24.9MB heapTotal=4.6MB heapUsed=3.1MB
  82.26| [81.3s] idle rss=24.9MB heapTotal=4.6MB heapUsed=3.1MB
  84.27| [83.3s] idle rss=24.9MB heapTotal=4.6MB heapUsed=3.1MB
  86.28| [85.3s] idle rss=24.9MB heapTotal=4.6MB heapUsed=3.1MB
  88.28| [87.4s] idle rss=24.9MB heapTotal=4.6MB heapUsed=3.1MB
  90.29| [89.4s] idle rss=24.9MB heapTotal=4.6MB heapUsed=3.2MB
  92.30| [91.4s] idle rss=24.9MB heapTotal=4.6MB heapUsed=3.2MB
  94.30| [93.4s] idle rss=24.9MB heapTotal=4.6MB heapUsed=3.2MB
  96.31| [95.4s] idle rss=24.9MB heapTotal=4.6MB heapUsed=3.2MB
  98.31| [97.4s] idle rss=24.9MB heapTotal=4.6MB heapUsed=3.2MB
 100.32| [99.4s] idle rss=24.9MB heapTotal=4.6MB heapUsed=3.2MB
 102.32| [101.4s] idle rss=24.9MB heapTotal=4.6MB heapUsed=3.2MB
 104.33| [103.4s] idle rss=24.9MB heapTotal=4.6MB heapUsed=3.2MB
 106.33| [105.4s] idle rss=24.4MB heapTotal=4.6MB heapUsed=3.2MB
 108.33| [107.4s] idle rss=24.4MB heapTotal=4.6MB heapUsed=3.2MB
 110.34| [109.4s] idle rss=24.4MB heapTotal=4.6MB heapUsed=3.2MB
 112.35| [111.4s] idle rss=24.4MB heapTotal=4.6MB heapUsed=3.2MB
 114.36| [113.4s] idle rss=24.4MB heapTotal=4.6MB heapUsed=3.2MB
 116.36| [115.4s] idle rss=24.4MB heapTotal=4.6MB heapUsed=3.2MB
 118.37| [117.4s] idle rss=24.4MB heapTotal=4.6MB heapUsed=3.2MB
 120.37| [119.4s] idle rss=24.4MB heapTotal=4.6MB heapUsed=3.2MB
 122.37| [121.4s] idle rss=24.4MB heapTotal=4.6MB heapUsed=3.2MB
 124.38| [123.4s] idle rss=24.4MB heapTotal=4.6MB heapUsed=3.2MB
 126.39| [125.5s] idle rss=24.4MB heapTotal=4.6MB heapUsed=3.2MB
 128.39| [127.5s] idle rss=24.4MB heapTotal=4.6MB heapUsed=3.2MB
 130.39| [129.5s] idle rss=24.4MB heapTotal=4.6MB heapUsed=3.2MB
 132.40| [131.5s] idle rss=24.4MB heapTotal=4.6MB heapUsed=3.2MB
 134.40| [133.5s] idle rss=24.4MB heapTotal=4.6MB heapUsed=3.2MB
 136.41| [135.5s] idle rss=24.4MB heapTotal=4.6MB heapUsed=3.2MB
 138.41| [137.5s] idle rss=24.4MB heapTotal=4.6MB heapUsed=3.2MB
 140.42| [139.5s] idle rss=24.6MB heapTotal=4.6MB heapUsed=3.2MB
 142.42| [141.5s] idle rss=29.2MB heapTotal=4.6MB heapUsed=3.2MB
 144.43| [143.5s] idle rss=29.2MB heapTotal=4.6MB heapUsed=3.2MB
 146.44| [145.5s] idle rss=29.2MB heapTotal=4.6MB heapUsed=3.2MB
 148.44| [147.5s] idle rss=29.2MB heapTotal=4.6MB heapUsed=3.2MB
 150.44| [149.5s] idle rss=29.2MB heapTotal=4.6MB heapUsed=3.2MB
 152.45| [151.5s] idle rss=25.9MB heapTotal=4.6MB heapUsed=3.2MB
 154.45| [153.5s] idle rss=26.7MB heapTotal=4.6MB heapUsed=3.2MB
 156.46| [155.5s] idle rss=26.7MB heapTotal=4.6MB heapUsed=3.2MB
 156.47| [155.5s] end rss=29.8MB heapTotal=4.6MB heapUsed=3.2MB
